question_id,issue_type,source_file,source_page,stored_value,proposed_value,evidence,computed_result,confidence,recommended_action
APCALC-LEGACY-BC-MCQ-1985-040,verification_or_mapping_incomplete,AP Calculus historical archive,61,A,,"Source page and question crop visually compared; stem, five choices, official key, mathematical solution, KaTeX, media, calculator policy, and AP mapping verified. The record remains teacher/archive-only solely because public-publication permission is not established.",A,low,"Complete the outstanding source, mathematics, media, or exact mapping review."
ECHS-G9PRECALC-ORIGINAL-G9-U5-001,verification_or_mapping_incomplete,ECHS Original Question Bank,,B,,The current G9 portal has no exact distance-formula lesson. The record is mathematically verified but remains archive-only rather than being attached to a merely related coordinate-plane lesson.,B,low,"Complete the outstanding source, mathematics, media, or exact mapping review."
APCALC-BC-FRQ-1974-03,verification_or_mapping_incomplete,historical-frq-1969-2010,12,,,"Retained in the canonical/admin archive; excluded from student practice pending source, answer, KaTeX, and/or mapping verification.",,low,"Complete the outstanding source, mathematics, media, or exact mapping review."
APCALC-AB-FRQ-2001-01,verification_or_mapping_incomplete,historical-frq-1969-2010,57; 6,,,"The official question facsimile and attached official scoring guideline were matched to this canonical ID. The official guideline verifies the expected solution and scoring. A separate independent re-solution is still queued, and publication rights remain unresolved.",,low,"Complete the outstanding source, mathematics, media, or exact mapping review."
APCALC-AB-FRQ-2001-02,verification_or_mapping_incomplete,historical-frq-1969-2010,57; 58; 45,,,"The official question facsimile and attached official scoring guideline were matched to this canonical ID. The official guideline verifies the expected solution and scoring. A separate independent re-solution is still queued, and publication rights remain unresolved.",,low,"Complete the outstanding source, mathematics, media, or exact mapping review."
APCALC-AB-FRQ-2001-03,verification_or_mapping_incomplete,historical-frq-1969-2010,58; 80,,,"The official question facsimile and attached official scoring guideline were matched to this canonical ID. The official guideline verifies the expected solution and scoring. A separate independent re-solution is still queued, and publication rights remain unresolved.",,low,"Complete the outstanding source, mathematics, media, or exact mapping review."
APCALC-AB-FRQ-2001-04,verification_or_mapping_incomplete,historical-frq-1969-2010,58; 116,,,"The official question facsimile and attached official scoring guideline were matched to this canonical ID. The official guideline verifies the expected solution and scoring. A separate independent re-solution is still queued, and publication rights remain unresolved.",,low,"Complete the outstanding source, mathematics, media, or exact mapping review."
APCALC-AB-FRQ-2001-05,verification_or_mapping_incomplete,historical-frq-1969-2010,58; 59; 115,,,"The official question facsimile and attached official scoring guideline were matched to this canonical ID. The official guideline verifies the expected solution and scoring. A separate independent re-solution is still queued, and publication rights remain unresolved.",,low,"Complete the outstanding source, mathematics, media, or exact mapping review."
APCALC-AB-FRQ-2001-06,verification_or_mapping_incomplete,historical-frq-1969-2010,59; 95,,,"The official question facsimile and attached official scoring guideline were matched to this canonical ID. The official guideline verifies the expected solution and scoring. A separate independent re-solution is still queued, and publication rights remain unresolved.",,low,"Complete the outstanding source, mathematics, media, or exact mapping review."
APCALC-AB-FRQ-2002-01,verification_or_mapping_incomplete,historical-frq-1969-2010,59; 8,,,"The official question facsimile and attached official scoring guideline were matched to this canonical ID. The official guideline verifies the expected solution and scoring. A separate independent re-solution is still queued, and publication rights remain unresolved.",,low,"Complete the outstanding source, mathematics, media, or exact mapping review."
APCALC-AB-FRQ-2002-02,verification_or_mapping_incomplete,historical-frq-1969-2010,59; 60; 28,,,"The official question facsimile and attached official scoring guideline were matched to this canonical ID. The official guideline verifies the expected solution and scoring. A separate independent re-solution is still queued, and publication rights remain unresolved.",,low,"Complete the outstanding source, mathematics, media, or exact mapping review."
APCALC-AB-FRQ-2002-03,verification_or_mapping_incomplete,historical-frq-1969-2010,60; 61; 100,,,"The official question facsimile and attached official scoring guideline were matched to this canonical ID. The official guideline verifies the expected solution and scoring. A separate independent re-solution is still queued, and publication rights remain unresolved.",,low,"Complete the outstanding source, mathematics, media, or exact mapping review."
APCALC-AB-FRQ-2002-04,verification_or_mapping_incomplete,historical-frq-1969-2010,61; 82,,,"The official question facsimile and attached official scoring guideline were matched to this canonical ID. The official guideline verifies the expected solution and scoring. A separate independent re-solution is still queued, and publication rights remain unresolved.",,low,"Complete the outstanding source, mathematics, media, or exact mapping review."
APCALC-AB-FRQ-2002-05,verification_or_mapping_incomplete,historical-frq-1969-2010,61; 62; 73,,,"The official question facsimile and attached official scoring guideline were matched to this canonical ID. The official guideline verifies the expected solution and scoring. A separate independent re-solution is still queued, and publication rights remain unresolved.",,low,"Complete the outstanding source, mathematics, media, or exact mapping review."
APCALC-AB-FRQ-2002-06,verification_or_mapping_incomplete,historical-frq-1969-2010,62; 63; 113,,,"The official question facsimile and attached official scoring guideline were matched to this canonical ID. The official guideline verifies the expected solution and scoring. A separate independent re-solution is still queued, and publication rights remain unresolved.",,low,"Complete the outstanding source, mathematics, media, or exact mapping review."
APCALC-AB-FRQ-2002-01-FORM-B,verification_or_mapping_incomplete,historical-frq-1969-2010,63; 7,,,"The official question facsimile and attached official scoring guideline were matched to this canonical ID. The official guideline verifies the expected solution and scoring. A separate independent re-solution is still queued, and publication rights remain unresolved.",,low,"Complete the outstanding source, mathematics, media, or exact mapping review."
APCALC-AB-FRQ-2002-02-FORM-B,verification_or_mapping_incomplete,historical-frq-1969-2010,63; 42,,,"The official question facsimile and attached official scoring guideline were matched to this canonical ID. The official guideline verifies the expected solution and scoring. A separate independent re-solution is still queued, and publication rights remain unresolved.",,low,"Complete the outstanding source, mathematics, media, or exact mapping review."
APCALC-AB-FRQ-2002-03-FORM-B,verification_or_mapping_incomplete,historical-frq-1969-2010,63; 64; 99,,,"The official question facsimile and attached official scoring guideline were matched to this canonical ID. The official guideline verifies the expected solution and scoring. A separate independent re-solution is still queued, and publication rights remain unresolved.",,low,"Complete the outstanding source, mathematics, media, or exact mapping review."
APCALC-AB-FRQ-2002-04-FORM-B,verification_or_mapping_incomplete,historical-frq-1969-2010,64; 81,,,"The official question facsimile and attached official scoring guideline were matched to this canonical ID. The official guideline verifies the expected solution and scoring. A separate independent re-solution is still queued, and publication rights remain unresolved.",,low,"Complete the outstanding source, mathematics, media, or exact mapping review."
APCALC-AB-FRQ-2002-05-FORM-B,verification_or_mapping_incomplete,historical-frq-1969-2010,64; 71,,,"The official question facsimile and attached official scoring guideline were matched to this canonical ID. The official guideline verifies the expected solution and scoring. A separate independent re-solution is still queued, and publication rights remain unresolved.",,low,"Complete the outstanding source, mathematics, media, or exact mapping review."
APCALC-AB-FRQ-2002-06-FORM-B,verification_or_mapping_incomplete,historical-frq-1969-2010,64; 65; 72,,,"The official question facsimile and attached official scoring guideline were matched to this canonical ID. The official guideline verifies the expected solution and scoring. A separate independent re-solution is still queued, and publication rights remain unresolved.",,low,"Complete the outstanding source, mathematics, media, or exact mapping review."
APCALC-AB-FRQ-2003-01,verification_or_mapping_incomplete,historical-frq-1969-2010,65; 9,,,"The official question facsimile and attached official scoring guideline were matched to this canonical ID. The official guideline verifies the expected solution and scoring. A separate independent re-solution is still queued, and publication rights remain unresolved.",,low,"Complete the outstanding source, mathematics, media, or exact mapping review."
APCALC-AB-FRQ-2003-02,verification_or_mapping_incomplete,historical-frq-1969-2010,65; 66; 102,,,"The official question facsimile and attached official scoring guideline were matched to this canonical ID. The official guideline verifies the expected solution and scoring. A separate independent re-solution is still queued, and publication rights remain unresolved.",,low,"Complete the outstanding source, mathematics, media, or exact mapping review."
APCALC-AB-FRQ-2003-03,verification_or_mapping_incomplete,historical-frq-1969-2010,66; 47,,,"The official question facsimile and attached official scoring guideline were matched to this canonical ID. The official guideline verifies the expected solution and scoring. A separate independent re-solution is still queued, and publication rights remain unresolved.",,low,"Complete the outstanding source, mathematics, media, or exact mapping review."
APCALC-AB-FRQ-2003-04,verification_or_mapping_incomplete,historical-frq-1969-2010,66; 67; 84,,,"The official question facsimile and attached official scoring guideline were matched to this canonical ID. The official guideline verifies the expected solution and scoring. A separate independent re-solution is still queued, and publication rights remain unresolved.",,low,"Complete the outstanding source, mathematics, media, or exact mapping review."
APCALC-AB-FRQ-2003-05,verification_or_mapping_incomplete,historical-frq-1969-2010,67; 68; 74,,,"The official question facsimile and attached official scoring guideline were matched to this canonical ID. The official guideline verifies the expected solution and scoring. A separate independent re-solution is still queued, and publication rights remain unresolved.",,low,"Complete the outstanding source, mathematics, media, or exact mapping review."
APCALC-AB-FRQ-2003-06,verification_or_mapping_incomplete,historical-frq-1969-2010,68; 117,,,"The official question facsimile and attached official scoring guideline were matched to this canonical ID. The official guideline verifies the expected solution and scoring. A separate independent re-solution is still queued, and publication rights remain unresolved.",,low,"Complete the outstanding source, mathematics, media, or exact mapping review."
APCALC-AB-FRQ-2003-01-FORM-B,verification_or_mapping_incomplete,historical-frq-1969-2010,68; 69; 125,,,"The official question facsimile and attached official scoring guideline were matched to this canonical ID. The official guideline verifies the expected solution and scoring. A separate independent re-solution is still queued, and publication rights remain unresolved.",,low,"Complete the outstanding source, mathematics, media, or exact mapping review."
APCALC-AB-FRQ-2003-02-FORM-B,verification_or_mapping_incomplete,historical-frq-1969-2010,69; 29,,,"The official question facsimile and attached official scoring guideline were matched to this canonical ID. The official guideline verifies the expected solution and scoring. A separate independent re-solution is still queued, and publication rights remain unresolved.",,low,"Complete the outstanding source, mathematics, media, or exact mapping review."
APCALC-AB-FRQ-2003-03-FORM-B,verification_or_mapping_incomplete,historical-frq-1969-2010,69; 46,,,"The official question facsimile and attached official scoring guideline were matched to this canonical ID. The official guideline verifies the expected solution and scoring. A separate independent re-solution is still queued, and publication rights remain unresolved.",,low,"Complete the outstanding source, mathematics, media, or exact mapping review."
APCALC-AB-FRQ-2003-04-FORM-B,verification_or_mapping_incomplete,historical-frq-1969-2010,69; 70; 101,,,"The official question facsimile and attached official scoring guideline were matched to this canonical ID. The official guideline verifies the expected solution and scoring. A separate independent re-solution is still queued, and publication rights remain unresolved.",,low,"Complete the outstanding source, mathematics, media, or exact mapping review."
APCALC-AB-FRQ-2003-05-FORM-B,verification_or_mapping_incomplete,historical-frq-1969-2010,70; 83,,,"The official question facsimile and attached official scoring guideline were matched to this canonical ID. The official guideline verifies the expected solution and scoring. A separate independent re-solution is still queued, and publication rights remain unresolved.",,low,"Complete the outstanding source, mathematics, media, or exact mapping review."
APCALC-AB-FRQ-2003-06-FORM-B,verification_or_mapping_incomplete,historical-frq-1969-2010,70; 71; 121,,,"The official question facsimile and attached official scoring guideline were matched to this canonical ID. The official guideline verifies the expected solution and scoring. A separate independent re-solution is still queued, and publication rights remain unresolved.",,low,"Complete the outstanding source, mathematics, media, or exact mapping review."
APCALC-AB-FRQ-2004-01,verification_or_mapping_incomplete,historical-frq-1969-2010,71; 31,,,"The official question facsimile and attached official scoring guideline were matched to this canonical ID. The official guideline verifies the expected solution and scoring. A separate independent re-solution is still queued, and publication rights remain unresolved.",,low,"Complete the outstanding source, mathematics, media, or exact mapping review."
APCALC-AB-FRQ-2004-02,verification_or_mapping_incomplete,historical-frq-1969-2010,71; 72; 11,,,"The official question facsimile and attached official scoring guideline were matched to this canonical ID. The official guideline verifies the expected solution and scoring. A separate independent re-solution is still queued, and publication rights remain unresolved.",,low,"Complete the outstanding source, mathematics, media, or exact mapping review."
APCALC-AB-FRQ-2004-03,verification_or_mapping_incomplete,historical-frq-1969-2010,72; 103,,,"The official question facsimile and attached official scoring guideline were matched to this canonical ID. The official guideline verifies the expected solution and scoring. A separate independent re-solution is still queued, and publication rights remain unresolved.",,low,"Complete the outstanding source, mathematics, media, or exact mapping review."
APCALC-AB-FRQ-2004-04,verification_or_mapping_incomplete,historical-frq-1969-2010,72; 96,,,"The official question facsimile and attached official scoring guideline were matched to this canonical ID. The official guideline verifies the expected solution and scoring. A separate independent re-solution is still queued, and publication rights remain unresolved.",,low,"Complete the outstanding source, mathematics, media, or exact mapping review."
APCALC-AB-FRQ-2004-05,verification_or_mapping_incomplete,historical-frq-1969-2010,72; 73; 85,,,"The official question facsimile and attached official scoring guideline were matched to this canonical ID. The official guideline verifies the expected solution and scoring. A separate independent re-solution is still queued, and publication rights remain unresolved.",,low,"Complete the outstanding source, mathematics, media, or exact mapping review."
APCALC-AB-FRQ-2004-06,verification_or_mapping_incomplete,historical-frq-1969-2010,73; 62,,,"The official question facsimile and attached official scoring guideline were matched to this canonical ID. The official guideline verifies the expected solution and scoring. A separate independent re-solution is still queued, and publication rights remain unresolved.",,low,"Complete the outstanding source, mathematics, media, or exact mapping review."
APCALC-AB-FRQ-2004-01-FORM-B,verification_or_mapping_incomplete,historical-frq-1969-2010,73; 10,,,"The official question facsimile and attached official scoring guideline were matched to this canonical ID. The official guideline verifies the expected solution and scoring. A separate independent re-solution is still queued, and publication rights remain unresolved.",,low,"Complete the outstanding source, mathematics, media, or exact mapping review."
APCALC-AB-FRQ-2004-02-FORM-B,verification_or_mapping_incomplete,historical-frq-1969-2010,73; 74; 30,,,"The official question facsimile and attached official scoring guideline were matched to this canonical ID. The official guideline verifies the expected solution and scoring. A separate independent re-solution is still queued, and publication rights remain unresolved.",,low,"Complete the outstanding source, mathematics, media, or exact mapping review."
APCALC-AB-FRQ-2004-03-FORM-B,verification_or_mapping_incomplete,historical-frq-1969-2010,74; 75; 48,,,"The official question facsimile and attached official scoring guideline were matched to this canonical ID. The official guideline verifies the expected solution and scoring. A separate independent re-solution is still queued, and publication rights remain unresolved.",,low,"Complete the outstanding source, mathematics, media, or exact mapping review."
APCALC-AB-FRQ-2004-04-FORM-B,verification_or_mapping_incomplete,historical-frq-1969-2010,75; 56,,,"The official question facsimile and attached official scoring guideline were matched to this canonical ID. The official guideline verifies the expected solution and scoring. A separate independent re-solution is still queued, and publication rights remain unresolved.",,low,"Complete the outstanding source, mathematics, media, or exact mapping review."
APCALC-AB-FRQ-2004-05-FORM-B,verification_or_mapping_incomplete,historical-frq-1969-2010,75; 76; 61,,,"The official question facsimile and attached official scoring guideline were matched to this canonical ID. The official guideline verifies the expected solution and scoring. A separate independent re-solution is still queued, and publication rights remain unresolved.",,low,"Complete the outstanding source, mathematics, media, or exact mapping review."
APCALC-AB-FRQ-2004-06-FORM-B,verification_or_mapping_incomplete,historical-frq-1969-2010,76; 77; 126,,,"The official question facsimile and attached official scoring guideline were matched to this canonical ID. The official guideline verifies the expected solution and scoring. A separate independent re-solution is still queued, and publication rights remain unresolved.",,low,"Complete the outstanding source, mathematics, media, or exact mapping review."
APCALC-AB-FRQ-2005-01,verification_or_mapping_incomplete,historical-frq-1969-2010,77; 13,,,"The official question facsimile and attached official scoring guideline were matched to this canonical ID. The official guideline verifies the expected solution and scoring. A separate independent re-solution is still queued, and publication rights remain unresolved.",,low,"Complete the outstanding source, mathematics, media, or exact mapping review."
APCALC-AB-FRQ-2005-02,verification_or_mapping_incomplete,historical-frq-1969-2010,77; 33,,,"The official question facsimile and attached official scoring guideline were matched to this canonical ID. The official guideline verifies the expected solution and scoring. A separate independent re-solution is still queued, and publication rights remain unresolved.",,low,"Complete the outstanding source, mathematics, media, or exact mapping review."
APCALC-AB-FRQ-2005-03,verification_or_mapping_incomplete,historical-frq-1969-2010,77; 78; 49,,,"The official question facsimile and attached official scoring guideline were matched to this canonical ID. The official guideline verifies the expected solution and scoring. A separate independent re-solution is still queued, and publication rights remain unresolved.",,low,"Complete the outstanding source, mathematics, media, or exact mapping review."
APCALC-AB-FRQ-2005-04,verification_or_mapping_incomplete,historical-frq-1969-2010,78; 79; 109,,,"The official question facsimile and attached official scoring guideline were matched to this canonical ID. The official guideline verifies the expected solution and scoring. A separate independent re-solution is still queued, and publication rights remain unresolved.",,low,"Complete the outstanding source, mathematics, media, or exact mapping review."
APCALC-AB-FRQ-2005-05,verification_or_mapping_incomplete,historical-frq-1969-2010,79; 80; 87,,,"The official question facsimile and attached official scoring guideline were matched to this canonical ID. The official guideline verifies the expected solution and scoring. A separate independent re-solution is still queued, and publication rights remain unresolved.",,low,"Complete the outstanding source, mathematics, media, or exact mapping review."
APCALC-AB-FRQ-2005-06,verification_or_mapping_incomplete,historical-frq-1969-2010,80; 64,,,"The official question facsimile and attached official scoring guideline were matched to this canonical ID. The official guideline verifies the expected solution and scoring. A separate independent re-solution is still queued, and publication rights remain unresolved.",,low,"Complete the outstanding source, mathematics, media, or exact mapping review."
APCALC-AB-FRQ-2006-01,verification_or_mapping_incomplete,historical-frq-1969-2010,80; 15,,,"The official question facsimile and attached official scoring guideline were matched to this canonical ID. The official guideline verifies the expected solution and scoring. A separate independent re-solution is still queued, and publication rights remain unresolved.",,low,"Complete the outstanding source, mathematics, media, or exact mapping review."
APCALC-AB-FRQ-2006-02,verification_or_mapping_incomplete,historical-frq-1969-2010,80; 81; 34,,,"The official question facsimile and attached official scoring guideline were matched to this canonical ID. The official guideline verifies the expected solution and scoring. A separate independent re-solution is still queued, and publication rights remain unresolved.",,low,"Complete the outstanding source, mathematics, media, or exact mapping review."
APCALC-AB-FRQ-2006-03,verification_or_mapping_incomplete,historical-frq-1969-2010,81; 89,,,"The official question facsimile and attached official scoring guideline were matched to this canonical ID. The official guideline verifies the expected solution and scoring. A separate independent re-solution is still queued, and publication rights remain unresolved.",,low,"Complete the outstanding source, mathematics, media, or exact mapping review."
APCALC-AB-FRQ-2006-04,verification_or_mapping_incomplete,historical-frq-1969-2010,81; 82; 51,,,"The official question facsimile and attached official scoring guideline were matched to this canonical ID. The official guideline verifies the expected solution and scoring. A separate independent re-solution is still queued, and publication rights remain unresolved.",,low,"Complete the outstanding source, mathematics, media, or exact mapping review."
APCALC-AB-FRQ-2006-05,verification_or_mapping_incomplete,historical-frq-1969-2010,82; 83; 66,,,"The official question facsimile and attached official scoring guideline were matched to this canonical ID. The official guideline verifies the expected solution and scoring. A separate independent re-solution is still queued, and publication rights remain unresolved.",,low,"Complete the outstanding source, mathematics, media, or exact mapping review."
APCALC-AB-FRQ-2006-06,verification_or_mapping_incomplete,historical-frq-1969-2010,83; 122,,,"The official question facsimile and attached official scoring guideline were matched to this canonical ID. The official guideline verifies the expected solution and scoring. A separate independent re-solution is still queued, and publication rights remain unresolved.",,low,"Complete the outstanding source, mathematics, media, or exact mapping review."
APCALC-AB-FRQ-2007-01,verification_or_mapping_incomplete,historical-frq-1969-2010,83; 84; 17,,,"The official question facsimile and attached official scoring guideline were matched to this canonical ID. The official guideline verifies the expected solution and scoring. A separate independent re-solution is still queued, and publication rights remain unresolved.",,low,"Complete the outstanding source, mathematics, media, or exact mapping review."
APCALC-AB-FRQ-2007-02,verification_or_mapping_incomplete,historical-frq-1969-2010,84; 35,,,"The official question facsimile and attached official scoring guideline were matched to this canonical ID. The official guideline verifies the expected solution and scoring. A separate independent re-solution is still queued, and publication rights remain unresolved.",,low,"Complete the outstanding source, mathematics, media, or exact mapping review."
APCALC-AB-FRQ-2007-03,verification_or_mapping_incomplete,historical-frq-1969-2010,84; 85; 110,,,"The official question facsimile and attached official scoring guideline were matched to this canonical ID. The official guideline verifies the expected solution and scoring. A separate independent re-solution is still queued, and publication rights remain unresolved.",,low,"Complete the outstanding source, mathematics, media, or exact mapping review."
APCALC-AB-FRQ-2007-04,verification_or_mapping_incomplete,historical-frq-1969-2010,85; 106,,,"The official question facsimile and attached official scoring guideline were matched to this canonical ID. The official guideline verifies the expected solution and scoring. A separate independent re-solution is still queued, and publication rights remain unresolved.",,low,"Complete the outstanding source, mathematics, media, or exact mapping review."
APCALC-AB-FRQ-2007-05,verification_or_mapping_incomplete,historical-frq-1969-2010,85; 86; 52,,,"The official question facsimile and attached official scoring guideline were matched to this canonical ID. The official guideline verifies the expected solution and scoring. A separate independent re-solution is still queued, and publication rights remain unresolved.",,low,"Complete the outstanding source, mathematics, media, or exact mapping review."
APCALC-AB-FRQ-2007-06,verification_or_mapping_incomplete,historical-frq-1969-2010,86; 118,,,"The official question facsimile and attached official scoring guideline were matched to this canonical ID. The official guideline verifies the expected solution and scoring. A separate independent re-solution is still queued, and publication rights remain unresolved.",,low,"Complete the outstanding source, mathematics, media, or exact mapping review."
APCALC-AB-FRQ-2007-01-FORM-B,verification_or_mapping_incomplete,historical-frq-1969-2010,86; 16,,,"The official question facsimile and attached official scoring guideline were matched to this canonical ID. The official guideline verifies the expected solution and scoring. A separate independent re-solution is still queued, and publication rights remain unresolved.",,low,"Complete the outstanding source, mathematics, media, or exact mapping review."
APCALC-AB-FRQ-2007-02-FORM-B,verification_or_mapping_incomplete,historical-frq-1969-2010,86; 87; 105,,,"The official question facsimile and attached official scoring guideline were matched to this canonical ID. The official guideline verifies the expected solution and scoring. A separate independent re-solution is still queued, and publication rights remain unresolved.",,low,"Complete the outstanding source, mathematics, media, or exact mapping review."
APCALC-AB-FRQ-2007-04-FORM-B,verification_or_mapping_incomplete,historical-frq-1969-2010,87; 90,,,"The official question facsimile and attached official scoring guideline were matched to this canonical ID. The official guideline verifies the expected solution and scoring. A separate independent re-solution is still queued, and publication rights remain unresolved.",,low,"Complete the outstanding source, mathematics, media, or exact mapping review."
APCALC-AB-FRQ-2007-05-FORM-B,verification_or_mapping_incomplete,historical-frq-1969-2010,87; 88; 67,,,"The official question facsimile and attached official scoring guideline were matched to this canonical ID. The official guideline verifies the expected solution and scoring. A separate independent re-solution is still queued, and publication rights remain unresolved.",,low,"Complete the outstanding source, mathematics, media, or exact mapping review."
APCALC-AB-FRQ-2007-06-FORM-B,verification_or_mapping_incomplete,historical-frq-1969-2010,88; 123,,,"The official question facsimile and attached official scoring guideline were matched to this canonical ID. The official guideline verifies the expected solution and scoring. A separate independent re-solution is still queued, and publication rights remain unresolved.",,low,"Complete the outstanding source, mathematics, media, or exact mapping review."
APCALC-AB-FRQ-2008-01,verification_or_mapping_incomplete,historical-frq-1969-2010,88; 89; 19,,,"The official question facsimile and attached official scoring guideline were matched to this canonical ID. The official guideline verifies the expected solution and scoring. A separate independent re-solution is still queued, and publication rights remain unresolved.",,low,"Complete the outstanding source, mathematics, media, or exact mapping review."
APCALC-AB-FRQ-2008-02,verification_or_mapping_incomplete,historical-frq-1969-2010,89; 90; 54,,,"The official question facsimile and attached official scoring guideline were matched to this canonical ID. The official guideline verifies the expected solution and scoring. A separate independent re-solution is still queued, and publication rights remain unresolved.",,low,"Complete the outstanding source, mathematics, media, or exact mapping review."
APCALC-AB-FRQ-2008-03,verification_or_mapping_incomplete,historical-frq-1969-2010,90; 91; 37,,,"The official question facsimile and attached official scoring guideline were matched to this canonical ID. The official guideline verifies the expected solution and scoring. A separate independent re-solution is still queued, and publication rights remain unresolved.",,low,"Complete the outstanding source, mathematics, media, or exact mapping review."
APCALC-AB-FRQ-2008-04,verification_or_mapping_incomplete,historical-frq-1969-2010,91; 58,,,"The official question facsimile and attached official scoring guideline were matched to this canonical ID. The official guideline verifies the expected solution and scoring. A separate independent re-solution is still queued, and publication rights remain unresolved.",,low,"Complete the outstanding source, mathematics, media, or exact mapping review."
APCALC-AB-FRQ-2008-05,verification_or_mapping_incomplete,historical-frq-1969-2010,91; 92; 68,,,"The official question facsimile and attached official scoring guideline were matched to this canonical ID. The official guideline verifies the expected solution and scoring. A separate independent re-solution is still queued, and publication rights remain unresolved.",,low,"Complete the outstanding source, mathematics, media, or exact mapping review."
APCALC-AB-FRQ-2008-06,verification_or_mapping_incomplete,historical-frq-1969-2010,92; 119,,,"The official question facsimile and attached official scoring guideline were matched to this canonical ID. The official guideline verifies the expected solution and scoring. A separate independent re-solution is still queued, and publication rights remain unresolved.",,low,"Complete the outstanding source, mathematics, media, or exact mapping review."
APCALC-AB-FRQ-2008-01-FORM-B,verification_or_mapping_incomplete,historical-frq-1969-2010,92; 93; 18,,,"The official question facsimile and attached official scoring guideline were matched to this canonical ID. The official guideline verifies the expected solution and scoring. A separate independent re-solution is still queued, and publication rights remain unresolved.",,low,"Complete the outstanding source, mathematics, media, or exact mapping review."
APCALC-AB-FRQ-2008-02-FORM-B,verification_or_mapping_incomplete,historical-frq-1969-2010,93; 36,,,"The official question facsimile and attached official scoring guideline were matched to this canonical ID. The official guideline verifies the expected solution and scoring. A separate independent re-solution is still queued, and publication rights remain unresolved.",,low,"Complete the outstanding source, mathematics, media, or exact mapping review."
APCALC-AB-FRQ-2008-03-FORM-B,verification_or_mapping_incomplete,historical-frq-1969-2010,93; 94; 53,,,"The official question facsimile and attached official scoring guideline were matched to this canonical ID. The official guideline verifies the expected solution and scoring. A separate independent re-solution is still queued, and publication rights remain unresolved.",,low,"Complete the outstanding source, mathematics, media, or exact mapping review."
APCALC-AB-FRQ-2008-04-FORM-B,verification_or_mapping_incomplete,historical-frq-1969-2010,94; 128,,,"The official question facsimile and attached official scoring guideline were matched to this canonical ID. The official guideline verifies the expected solution and scoring. A separate independent re-solution is still queued, and publication rights remain unresolved.",,low,"Complete the outstanding source, mathematics, media, or exact mapping review."
APCALC-AB-FRQ-2008-05-FORM-B,verification_or_mapping_incomplete,historical-frq-1969-2010,94; 95; 92,,,"The official question facsimile and attached official scoring guideline were matched to this canonical ID. The official guideline verifies the expected solution and scoring. A separate independent re-solution is still queued, and publication rights remain unresolved.",,low,"Complete the outstanding source, mathematics, media, or exact mapping review."
APCALC-AB-SAMPLE-2014-MCQ-001,verification_or_mapping_incomplete,framework-sample-2014,5,B,,"Retained in the canonical/admin archive; excluded from student practice pending source, answer, KaTeX, and/or mapping verification.",,low,"Complete the outstanding source, mathematics, media, or exact mapping review."
APCALC-AB-SAMPLE-2014-MCQ-002,verification_or_mapping_incomplete,framework-sample-2014,6,B,,"Retained in the canonical/admin archive; excluded from student practice pending source, answer, KaTeX, and/or mapping verification.",,low,"Complete the outstanding source, mathematics, media, or exact mapping review."
APCALC-AB-SAMPLE-2014-MCQ-003,verification_or_mapping_incomplete,framework-sample-2014,7,C,,"Retained in the canonical/admin archive; excluded from student practice pending source, answer, KaTeX, and/or mapping verification.",,low,"Complete the outstanding source, mathematics, media, or exact mapping review."
APCALC-AB-SAMPLE-2014-MCQ-004,verification_or_mapping_incomplete,framework-sample-2014,8,A,,"Retained in the canonical/admin archive; excluded from student practice pending source, answer, KaTeX, and/or mapping verification.",,low,"Complete the outstanding source, mathematics, media, or exact mapping review."
APCALC-AB-SAMPLE-2014-MCQ-005,verification_or_mapping_incomplete,framework-sample-2014,9,A,,"Retained in the canonical/admin archive; excluded from student practice pending source, answer, KaTeX, and/or mapping verification.",,low,"Complete the outstanding source, mathematics, media, or exact mapping review."
APCALC-AB-SAMPLE-2014-MCQ-006,verification_or_mapping_incomplete,framework-sample-2014,10,B,,"Retained in the canonical/admin archive; excluded from student practice pending source, answer, KaTeX, and/or mapping verification.",,low,"Complete the outstanding source, mathematics, media, or exact mapping review."
APCALC-AB-SAMPLE-2014-MCQ-007,verification_or_mapping_incomplete,framework-sample-2014,11,D,,"Retained in the canonical/admin archive; excluded from student practice pending source, answer, KaTeX, and/or mapping verification.",,low,"Complete the outstanding source, mathematics, media, or exact mapping review."
APCALC-AB-SAMPLE-2014-MCQ-008,verification_or_mapping_incomplete,framework-sample-2014,12,D,,"Retained in the canonical/admin archive; excluded from student practice pending source, answer, KaTeX, and/or mapping verification.",,low,"Complete the outstanding source, mathematics, media, or exact mapping review."
APCALC-AB-SAMPLE-2014-MCQ-009,verification_or_mapping_incomplete,framework-sample-2014,13,B,,"Retained in the canonical/admin archive; excluded from student practice pending source, answer, KaTeX, and/or mapping verification.",,low,"Complete the outstanding source, mathematics, media, or exact mapping review."
APCALC-AB-SAMPLE-2014-MCQ-010,verification_or_mapping_incomplete,framework-sample-2014,14,A,,"Retained in the canonical/admin archive; excluded from student practice pending source, answer, KaTeX, and/or mapping verification.",,low,"Complete the outstanding source, mathematics, media, or exact mapping review."
APCALC-AB-SAMPLE-2014-MCQ-011,verification_or_mapping_incomplete,framework-sample-2014,15,A,,"Retained in the canonical/admin archive; excluded from student practice pending source, answer, KaTeX, and/or mapping verification.",,low,"Complete the outstanding source, mathematics, media, or exact mapping review."
APCALC-AB-SAMPLE-2014-MCQ-012,verification_or_mapping_incomplete,framework-sample-2014,17,A,,"Retained in the canonical/admin archive; excluded from student practice pending source, answer, KaTeX, and/or mapping verification.",,low,"Complete the outstanding source, mathematics, media, or exact mapping review."
APCALC-AB-SAMPLE-2014-MCQ-013,verification_or_mapping_incomplete,framework-sample-2014,18,D,,"Retained in the canonical/admin archive; excluded from student practice pending source, answer, KaTeX, and/or mapping verification.",,low,"Complete the outstanding source, mathematics, media, or exact mapping review."
APCALC-AB-SAMPLE-2014-MCQ-014,verification_or_mapping_incomplete,framework-sample-2014,19,C,,"Retained in the canonical/admin archive; excluded from student practice pending source, answer, KaTeX, and/or mapping verification.",,low,"Complete the outstanding source, mathematics, media, or exact mapping review."
APCALC-AB-SAMPLE-2014-MCQ-015,verification_or_mapping_incomplete,framework-sample-2014,20,D,,"Retained in the canonical/admin archive; excluded from student practice pending source, answer, KaTeX, and/or mapping verification.",,low,"Complete the outstanding source, mathematics, media, or exact mapping review."
APCALC-AB-SAMPLE-2014-MCQ-016,verification_or_mapping_incomplete,framework-sample-2014,21,B,,"Retained in the canonical/admin archive; excluded from student practice pending source, answer, KaTeX, and/or mapping verification.",,low,"Complete the outstanding source, mathematics, media, or exact mapping review."
APCALC-AB-SAMPLE-2014-FRQ-01,verification_or_mapping_incomplete,framework-sample-2014,22; 27,,,"Retained in the canonical/admin archive; excluded from student practice pending source, answer, KaTeX, and/or mapping verification.",,low,"Complete the outstanding source, mathematics, media, or exact mapping review."
APCALC-AB-SAMPLE-2014-FRQ-02,verification_or_mapping_incomplete,framework-sample-2014,24; 28,,,"Retained in the canonical/admin archive; excluded from student practice pending source, answer, KaTeX, and/or mapping verification.",,low,"Complete the outstanding source, mathematics, media, or exact mapping review."
APCALC-BC-SAMPLE-2014-MCQ-001,verification_or_mapping_incomplete,framework-sample-2014,29,C,,"Retained in the canonical/admin archive; excluded from student practice pending source, answer, KaTeX, and/or mapping verification.",,low,"Complete the outstanding source, mathematics, media, or exact mapping review."
APCALC-BC-SAMPLE-2014-MCQ-002,verification_or_mapping_incomplete,framework-sample-2014,30,D,,"Retained in the canonical/admin archive; excluded from student practice pending source, answer, KaTeX, and/or mapping verification.",,low,"Complete the outstanding source, mathematics, media, or exact mapping review."
APCALC-BC-SAMPLE-2014-MCQ-003,verification_or_mapping_incomplete,framework-sample-2014,31,C,,"Retained in the canonical/admin archive; excluded from student practice pending source, answer, KaTeX, and/or mapping verification.",,low,"Complete the outstanding source, mathematics, media, or exact mapping review."
APCALC-BC-SAMPLE-2014-MCQ-004,verification_or_mapping_incomplete,framework-sample-2014,32,C,,"Retained in the canonical/admin archive; excluded from student practice pending source, answer, KaTeX, and/or mapping verification.",,low,"Complete the outstanding source, mathematics, media, or exact mapping review."
APCALC-BC-SAMPLE-2014-MCQ-005,verification_or_mapping_incomplete,framework-sample-2014,33,B,,"Retained in the canonical/admin archive; excluded from student practice pending source, answer, KaTeX, and/or mapping verification.",,low,"Complete the outstanding source, mathematics, media, or exact mapping review."
APCALC-BC-SAMPLE-2014-MCQ-006,verification_or_mapping_incomplete,framework-sample-2014,34,B,,"Retained in the canonical/admin archive; excluded from student practice pending source, answer, KaTeX, and/or mapping verification.",,low,"Complete the outstanding source, mathematics, media, or exact mapping review."
APCALC-BC-SAMPLE-2014-MCQ-007,verification_or_mapping_incomplete,framework-sample-2014,35,A,,"Retained in the canonical/admin archive; excluded from student practice pending source, answer, KaTeX, and/or mapping verification.",,low,"Complete the outstanding source, mathematics, media, or exact mapping review."
APCALC-BC-SAMPLE-2014-MCQ-008,verification_or_mapping_incomplete,framework-sample-2014,36,C,,"Retained in the canonical/admin archive; excluded from student practice pending source, answer, KaTeX, and/or mapping verification.",,low,"Complete the outstanding source, mathematics, media, or exact mapping review."
APCALC-BC-SAMPLE-2014-FRQ-01,verification_or_mapping_incomplete,framework-sample-2014,37; 43,,,"Retained in the canonical/admin archive; excluded from student practice pending source, answer, KaTeX, and/or mapping verification.",,low,"Complete the outstanding source, mathematics, media, or exact mapping review."
APCALC-BC-SAMPLE-2014-FRQ-02,verification_or_mapping_incomplete,framework-sample-2014,39; 44; 45,,,"Retained in the canonical/admin archive; excluded from student practice pending source, answer, KaTeX, and/or mapping verification.",,low,"Complete the outstanding source, mathematics, media, or exact mapping review."
APCALC-AB-PRACTICE-2012-MCQ-001,verification_or_mapping_incomplete,official-ab-practice-2012,22,B,,"Retained in the canonical/admin archive; excluded from student practice pending source, answer, KaTeX, and/or mapping verification.",,low,"Complete the outstanding source, mathematics, media, or exact mapping review."
APCALC-AB-PRACTICE-2012-MCQ-002,verification_or_mapping_incomplete,official-ab-practice-2012,22,B,,"Retained in the canonical/admin archive; excluded from student practice pending source, answer, KaTeX, and/or mapping verification.",,low,"Complete the outstanding source, mathematics, media, or exact mapping review."
APCALC-AB-PRACTICE-2012-MCQ-003,verification_or_mapping_incomplete,official-ab-practice-2012,23,A,,"Retained in the canonical/admin archive; excluded from student practice pending source, answer, KaTeX, and/or mapping verification.",,low,"Complete the outstanding source, mathematics, media, or exact mapping review."
APCALC-AB-PRACTICE-2012-MCQ-004,verification_or_mapping_incomplete,official-ab-practice-2012,23,E,,"Retained in the canonical/admin archive; excluded from student practice pending source, answer, KaTeX, and/or mapping verification.",,low,"Complete the outstanding source, mathematics, media, or exact mapping review."
APCALC-AB-PRACTICE-2012-MCQ-005,verification_or_mapping_incomplete,official-ab-practice-2012,24,C,,"Retained in the canonical/admin archive; excluded from student practice pending source, answer, KaTeX, and/or mapping verification.",,low,"Complete the outstanding source, mathematics, media, or exact mapping review."
APCALC-AB-PRACTICE-2012-MCQ-006,verification_or_mapping_incomplete,official-ab-practice-2012,24,D,,"Retained in the canonical/admin archive; excluded from student practice pending source, answer, KaTeX, and/or mapping verification.",,low,"Complete the outstanding source, mathematics, media, or exact mapping review."
APCALC-AB-PRACTICE-2012-MCQ-007,verification_or_mapping_incomplete,official-ab-practice-2012,25,E,,"Retained in the canonical/admin archive; excluded from student practice pending source, answer, KaTeX, and/or mapping verification.",,low,"Complete the outstanding source, mathematics, media, or exact mapping review."
APCALC-AB-PRACTICE-2012-MCQ-008,verification_or_mapping_incomplete,official-ab-practice-2012,25,C,,"Retained in the canonical/admin archive; excluded from student practice pending source, answer, KaTeX, and/or mapping verification.",,low,"Complete the outstanding source, mathematics, media, or exact mapping review."
APCALC-AB-PRACTICE-2012-MCQ-009,verification_or_mapping_incomplete,official-ab-practice-2012,26,E,,"Retained in the canonical/admin archive; excluded from student practice pending source, answer, KaTeX, and/or mapping verification.",,low,"Complete the outstanding source, mathematics, media, or exact mapping review."
APCALC-AB-PRACTICE-2012-MCQ-010,verification_or_mapping_incomplete,official-ab-practice-2012,26,A,,"Retained in the canonical/admin archive; excluded from student practice pending source, answer, KaTeX, and/or mapping verification.",,low,"Complete the outstanding source, mathematics, media, or exact mapping review."
APCALC-AB-PRACTICE-2012-MCQ-011,verification_or_mapping_incomplete,official-ab-practice-2012,27,A,,"Retained in the canonical/admin archive; excluded from student practice pending source, answer, KaTeX, and/or mapping verification.",,low,"Complete the outstanding source, mathematics, media, or exact mapping review."
APCALC-AB-PRACTICE-2012-MCQ-012,verification_or_mapping_incomplete,official-ab-practice-2012,27,C,,"Retained in the canonical/admin archive; excluded from student practice pending source, answer, KaTeX, and/or mapping verification.",,low,"Complete the outstanding source, mathematics, media, or exact mapping review."
APCALC-AB-PRACTICE-2012-MCQ-013,verification_or_mapping_incomplete,official-ab-practice-2012,28,D,,"Retained in the canonical/admin archive; excluded from student practice pending source, answer, KaTeX, and/or mapping verification.",,low,"Complete the outstanding source, mathematics, media, or exact mapping review."
APCALC-AB-PRACTICE-2012-MCQ-014,verification_or_mapping_incomplete,official-ab-practice-2012,28,A,,"Retained in the canonical/admin archive; excluded from student practice pending source, answer, KaTeX, and/or mapping verification.",,low,"Complete the outstanding source, mathematics, media, or exact mapping review."
APCALC-AB-PRACTICE-2012-MCQ-015,verification_or_mapping_incomplete,official-ab-practice-2012,29,A,,"Retained in the canonical/admin archive; excluded from student practice pending source, answer, KaTeX, and/or mapping verification.",,low,"Complete the outstanding source, mathematics, media, or exact mapping review."
APCALC-AB-PRACTICE-2012-MCQ-016,verification_or_mapping_incomplete,official-ab-practice-2012,30,B,,"Retained in the canonical/admin archive; excluded from student practice pending source, answer, KaTeX, and/or mapping verification.",,low,"Complete the outstanding source, mathematics, media, or exact mapping review."
APCALC-AB-PRACTICE-2012-MCQ-017,verification_or_mapping_incomplete,official-ab-practice-2012,31,A,,"Retained in the canonical/admin archive; excluded from student practice pending source, answer, KaTeX, and/or mapping verification.",,low,"Complete the outstanding source, mathematics, media, or exact mapping review."
APCALC-AB-PRACTICE-2012-MCQ-018,verification_or_mapping_incomplete,official-ab-practice-2012,32,B,,"Retained in the canonical/admin archive; excluded from student practice pending source, answer, KaTeX, and/or mapping verification.",,low,"Complete the outstanding source, mathematics, media, or exact mapping review."
APCALC-AB-PRACTICE-2012-MCQ-019,verification_or_mapping_incomplete,official-ab-practice-2012,32,C,,"Retained in the canonical/admin archive; excluded from student practice pending source, answer, KaTeX, and/or mapping verification.",,low,"Complete the outstanding source, mathematics, media, or exact mapping review."
APCALC-AB-PRACTICE-2012-MCQ-020,verification_or_mapping_incomplete,official-ab-practice-2012,33,D,,"Retained in the canonical/admin archive; excluded from student practice pending source, answer, KaTeX, and/or mapping verification.",,low,"Complete the outstanding source, mathematics, media, or exact mapping review."
APCALC-AB-PRACTICE-2012-MCQ-021,verification_or_mapping_incomplete,official-ab-practice-2012,33,E,,"Retained in the canonical/admin archive; excluded from student practice pending source, answer, KaTeX, and/or mapping verification.",,low,"Complete the outstanding source, mathematics, media, or exact mapping review."
APCALC-AB-PRACTICE-2012-MCQ-022,verification_or_mapping_incomplete,official-ab-practice-2012,34,B,,"Retained in the canonical/admin archive; excluded from student practice pending source, answer, KaTeX, and/or mapping verification.",,low,"Complete the outstanding source, mathematics, media, or exact mapping review."
APCALC-AB-PRACTICE-2012-MCQ-023,verification_or_mapping_incomplete,official-ab-practice-2012,34,A,,"Retained in the canonical/admin archive; excluded from student practice pending source, answer, KaTeX, and/or mapping verification.",,low,"Complete the outstanding source, mathematics, media, or exact mapping review."
APCALC-AB-PRACTICE-2012-MCQ-024,verification_or_mapping_incomplete,official-ab-practice-2012,35,A,,"Retained in the canonical/admin archive; excluded from student practice pending source, answer, KaTeX, and/or mapping verification.",,low,"Complete the outstanding source, mathematics, media, or exact mapping review."
APCALC-AB-PRACTICE-2012-MCQ-025,verification_or_mapping_incomplete,official-ab-practice-2012,36,E,,"Retained in the canonical/admin archive; excluded from student practice pending source, answer, KaTeX, and/or mapping verification.",,low,"Complete the outstanding source, mathematics, media, or exact mapping review."
APCALC-AB-PRACTICE-2012-MCQ-026,verification_or_mapping_incomplete,official-ab-practice-2012,37,A,,"Retained in the canonical/admin archive; excluded from student practice pending source, answer, KaTeX, and/or mapping verification.",,low,"Complete the outstanding source, mathematics, media, or exact mapping review."
APCALC-AB-PRACTICE-2012-MCQ-027,verification_or_mapping_incomplete,official-ab-practice-2012,38,A,,"Retained in the canonical/admin archive; excluded from student practice pending source, answer, KaTeX, and/or mapping verification.",,low,"Complete the outstanding source, mathematics, media, or exact mapping review."
APCALC-AB-PRACTICE-2012-MCQ-028,verification_or_mapping_incomplete,official-ab-practice-2012,39,A,,"Retained in the canonical/admin archive; excluded from student practice pending source, answer, KaTeX, and/or mapping verification.",,low,"Complete the outstanding source, mathematics, media, or exact mapping review."
APCALC-AB-PRACTICE-2012-MCQ-076,verification_or_mapping_incomplete,official-ab-practice-2012,41,E,,"Retained in the canonical/admin archive; excluded from student practice pending source, answer, KaTeX, and/or mapping verification.",,low,"Complete the outstanding source, mathematics, media, or exact mapping review."
APCALC-AB-PRACTICE-2012-MCQ-077,verification_or_mapping_incomplete,official-ab-practice-2012,42,A,,"Retained in the canonical/admin archive; excluded from student practice pending source, answer, KaTeX, and/or mapping verification.",,low,"Complete the outstanding source, mathematics, media, or exact mapping review."
APCALC-AB-PRACTICE-2012-MCQ-078,verification_or_mapping_incomplete,official-ab-practice-2012,42,D,,"Retained in the canonical/admin archive; excluded from student practice pending source, answer, KaTeX, and/or mapping verification.",,low,"Complete the outstanding source, mathematics, media, or exact mapping review."
APCALC-AB-PRACTICE-2012-MCQ-079,verification_or_mapping_incomplete,official-ab-practice-2012,43,B,,"Retained in the canonical/admin archive; excluded from student practice pending source, answer, KaTeX, and/or mapping verification.",,low,"Complete the outstanding source, mathematics, media, or exact mapping review."
APCALC-AB-PRACTICE-2012-MCQ-080,verification_or_mapping_incomplete,official-ab-practice-2012,44,E,,"Retained in the canonical/admin archive; excluded from student practice pending source, answer, KaTeX, and/or mapping verification.",,low,"Complete the outstanding source, mathematics, media, or exact mapping review."
APCALC-AB-PRACTICE-2012-MCQ-081,verification_or_mapping_incomplete,official-ab-practice-2012,45,D,,"Retained in the canonical/admin archive; excluded from student practice pending source, answer, KaTeX, and/or mapping verification.",,low,"Complete the outstanding source, mathematics, media, or exact mapping review."
APCALC-AB-PRACTICE-2012-MCQ-082,verification_or_mapping_incomplete,official-ab-practice-2012,45,C,,"Retained in the canonical/admin archive; excluded from student practice pending source, answer, KaTeX, and/or mapping verification.",,low,"Complete the outstanding source, mathematics, media, or exact mapping review."
APCALC-AB-PRACTICE-2012-MCQ-083,verification_or_mapping_incomplete,official-ab-practice-2012,46,D,,"Retained in the canonical/admin archive; excluded from student practice pending source, answer, KaTeX, and/or mapping verification.",,low,"Complete the outstanding source, mathematics, media, or exact mapping review."
APCALC-AB-PRACTICE-2012-MCQ-084,verification_or_mapping_incomplete,official-ab-practice-2012,46,D,,"Retained in the canonical/admin archive; excluded from student practice pending source, answer, KaTeX, and/or mapping verification.",,low,"Complete the outstanding source, mathematics, media, or exact mapping review."
APCALC-AB-PRACTICE-2012-MCQ-085,verification_or_mapping_incomplete,official-ab-practice-2012,47,C,,"Retained in the canonical/admin archive; excluded from student practice pending source, answer, KaTeX, and/or mapping verification.",,low,"Complete the outstanding source, mathematics, media, or exact mapping review."
APCALC-AB-PRACTICE-2012-MCQ-086,verification_or_mapping_incomplete,official-ab-practice-2012,48,B,,"Retained in the canonical/admin archive; excluded from student practice pending source, answer, KaTeX, and/or mapping verification.",,low,"Complete the outstanding source, mathematics, media, or exact mapping review."
APCALC-AB-PRACTICE-2012-MCQ-087,verification_or_mapping_incomplete,official-ab-practice-2012,49,E,,"Retained in the canonical/admin archive; excluded from student practice pending source, answer, KaTeX, and/or mapping verification.",,low,"Complete the outstanding source, mathematics, media, or exact mapping review."
APCALC-AB-PRACTICE-2012-MCQ-088,verification_or_mapping_incomplete,official-ab-practice-2012,50,B,,"Retained in the canonical/admin archive; excluded from student practice pending source, answer, KaTeX, and/or mapping verification.",,low,"Complete the outstanding source, mathematics, media, or exact mapping review."
APCALC-AB-PRACTICE-2012-MCQ-089,verification_or_mapping_incomplete,official-ab-practice-2012,50,E,,"Retained in the canonical/admin archive; excluded from student practice pending source, answer, KaTeX, and/or mapping verification.",,low,"Complete the outstanding source, mathematics, media, or exact mapping review."
APCALC-AB-PRACTICE-2012-MCQ-090,verification_or_mapping_incomplete,official-ab-practice-2012,51,B,,"Retained in the canonical/admin archive; excluded from student practice pending source, answer, KaTeX, and/or mapping verification.",,low,"Complete the outstanding source, mathematics, media, or exact mapping review."
APCALC-AB-PRACTICE-2012-MCQ-091,verification_or_mapping_incomplete,official-ab-practice-2012,51,B,,"Retained in the canonical/admin archive; excluded from student practice pending source, answer, KaTeX, and/or mapping verification.",,low,"Complete the outstanding source, mathematics, media, or exact mapping review."
APCALC-AB-PRACTICE-2012-MCQ-092,verification_or_mapping_incomplete,official-ab-practice-2012,52,A,,"Retained in the canonical/admin archive; excluded from student practice pending source, answer, KaTeX, and/or mapping verification.",,low,"Complete the outstanding source, mathematics, media, or exact mapping review."
APCALC-AB-PRACTICE-2012-FRQ-01,verification_or_mapping_incomplete,official-ab-practice-2012,58; 76,,,"Retained in the canonical/admin archive; excluded from student practice pending source, answer, KaTeX, and/or mapping verification.",,low,"Complete the outstanding source, mathematics, media, or exact mapping review."
APCALC-AB-PRACTICE-2012-FRQ-02,verification_or_mapping_incomplete,official-ab-practice-2012,60; 77,,,"Retained in the canonical/admin archive; excluded from student practice pending source, answer, KaTeX, and/or mapping verification.",,low,"Complete the outstanding source, mathematics, media, or exact mapping review."
APCALC-AB-PRACTICE-2012-FRQ-03,verification_or_mapping_incomplete,official-ab-practice-2012,63; 78,,,"Retained in the canonical/admin archive; excluded from student practice pending source, answer, KaTeX, and/or mapping verification.",,low,"Complete the outstanding source, mathematics, media, or exact mapping review."
APCALC-AB-PRACTICE-2012-FRQ-04,verification_or_mapping_incomplete,official-ab-practice-2012,65; 79,,,"Retained in the canonical/admin archive; excluded from student practice pending source, answer, KaTeX, and/or mapping verification.",,low,"Complete the outstanding source, mathematics, media, or exact mapping review."
APCALC-AB-PRACTICE-2012-FRQ-05,verification_or_mapping_incomplete,official-ab-practice-2012,67; 80,,,"Retained in the canonical/admin archive; excluded from student practice pending source, answer, KaTeX, and/or mapping verification.",,low,"Complete the outstanding source, mathematics, media, or exact mapping review."
APCALC-AB-PRACTICE-2012-FRQ-06,verification_or_mapping_incomplete,official-ab-practice-2012,69; 81,,,"Retained in the canonical/admin archive; excluded from student practice pending source, answer, KaTeX, and/or mapping verification.",,low,"Complete the outstanding source, mathematics, media, or exact mapping review."
APCALC-BC-PRACTICE-2016-MCQ-001,verification_or_mapping_incomplete,official-bc-practice-2016,19,B,,"Retained in the canonical/admin archive; excluded from student practice pending source, answer, KaTeX, and/or mapping verification.",,low,"Complete the outstanding source, mathematics, media, or exact mapping review."
APCALC-BC-PRACTICE-2016-MCQ-002,verification_or_mapping_incomplete,official-bc-practice-2016,19,E,,"Retained in the canonical/admin archive; excluded from student practice pending source, answer, KaTeX, and/or mapping verification.",,low,"Complete the outstanding source, mathematics, media, or exact mapping review."
APCALC-BC-PRACTICE-2016-MCQ-003,verification_or_mapping_incomplete,official-bc-practice-2016,20,D,,"Retained in the canonical/admin archive; excluded from student practice pending source, answer, KaTeX, and/or mapping verification.",,low,"Complete the outstanding source, mathematics, media, or exact mapping review."
APCALC-BC-PRACTICE-2016-MCQ-004,verification_or_mapping_incomplete,official-bc-practice-2016,20,D,,"Retained in the canonical/admin archive; excluded from student practice pending source, answer, KaTeX, and/or mapping verification.",,low,"Complete the outstanding source, mathematics, media, or exact mapping review."
APCALC-BC-PRACTICE-2016-MCQ-005,verification_or_mapping_incomplete,official-bc-practice-2016,21,C,,"Retained in the canonical/admin archive; excluded from student practice pending source, answer, KaTeX, and/or mapping verification.",,low,"Complete the outstanding source, mathematics, media, or exact mapping review."
APCALC-BC-PRACTICE-2016-MCQ-006,verification_or_mapping_incomplete,official-bc-practice-2016,21,B,,"Retained in the canonical/admin archive; excluded from student practice pending source, answer, KaTeX, and/or mapping verification.",,low,"Complete the outstanding source, mathematics, media, or exact mapping review."
APCALC-BC-PRACTICE-2016-MCQ-007,verification_or_mapping_incomplete,official-bc-practice-2016,22,C,,"Retained in the canonical/admin archive; excluded from student practice pending source, answer, KaTeX, and/or mapping verification.",,low,"Complete the outstanding source, mathematics, media, or exact mapping review."
APCALC-BC-PRACTICE-2016-MCQ-008,verification_or_mapping_incomplete,official-bc-practice-2016,22,D,,"Retained in the canonical/admin archive; excluded from student practice pending source, answer, KaTeX, and/or mapping verification.",,low,"Complete the outstanding source, mathematics, media, or exact mapping review."
APCALC-BC-PRACTICE-2016-MCQ-009,verification_or_mapping_incomplete,official-bc-practice-2016,23,D,,"Retained in the canonical/admin archive; excluded from student practice pending source, answer, KaTeX, and/or mapping verification.",,low,"Complete the outstanding source, mathematics, media, or exact mapping review."
APCALC-BC-PRACTICE-2016-MCQ-010,verification_or_mapping_incomplete,official-bc-practice-2016,24,A,,"Retained in the canonical/admin archive; excluded from student practice pending source, answer, KaTeX, and/or mapping verification.",,low,"Complete the outstanding source, mathematics, media, or exact mapping review."
APCALC-BC-PRACTICE-2016-MCQ-011,verification_or_mapping_incomplete,official-bc-practice-2016,25,E,,"Retained in the canonical/admin archive; excluded from student practice pending source, answer, KaTeX, and/or mapping verification.",,low,"Complete the outstanding source, mathematics, media, or exact mapping review."
APCALC-BC-PRACTICE-2016-MCQ-012,verification_or_mapping_incomplete,official-bc-practice-2016,25,B,,"Retained in the canonical/admin archive; excluded from student practice pending source, answer, KaTeX, and/or mapping verification.",,low,"Complete the outstanding source, mathematics, media, or exact mapping review."
APCALC-BC-PRACTICE-2016-MCQ-013,verification_or_mapping_incomplete,official-bc-practice-2016,26,A,,"Retained in the canonical/admin archive; excluded from student practice pending source, answer, KaTeX, and/or mapping verification.",,low,"Complete the outstanding source, mathematics, media, or exact mapping review."
APCALC-BC-PRACTICE-2016-MCQ-014,verification_or_mapping_incomplete,official-bc-practice-2016,27,E,,"Retained in the canonical/admin archive; excluded from student practice pending source, answer, KaTeX, and/or mapping verification.",,low,"Complete the outstanding source, mathematics, media, or exact mapping review."
APCALC-BC-PRACTICE-2016-MCQ-015,verification_or_mapping_incomplete,official-bc-practice-2016,28,A,,"Retained in the canonical/admin archive; excluded from student practice pending source, answer, KaTeX, and/or mapping verification.",,low,"Complete the outstanding source, mathematics, media, or exact mapping review."
APCALC-BC-PRACTICE-2016-MCQ-016,verification_or_mapping_incomplete,official-bc-practice-2016,28,B,,"Retained in the canonical/admin archive; excluded from student practice pending source, answer, KaTeX, and/or mapping verification.",,low,"Complete the outstanding source, mathematics, media, or exact mapping review."
APCALC-BC-PRACTICE-2016-MCQ-017,verification_or_mapping_incomplete,official-bc-practice-2016,29,C,,"Retained in the canonical/admin archive; excluded from student practice pending source, answer, KaTeX, and/or mapping verification.",,low,"Complete the outstanding source, mathematics, media, or exact mapping review."
APCALC-BC-PRACTICE-2016-MCQ-018,verification_or_mapping_incomplete,official-bc-practice-2016,29,A,,"Retained in the canonical/admin archive; excluded from student practice pending source, answer, KaTeX, and/or mapping verification.",,low,"Complete the outstanding source, mathematics, media, or exact mapping review."
APCALC-BC-PRACTICE-2016-MCQ-019,verification_or_mapping_incomplete,official-bc-practice-2016,30,D,,"Retained in the canonical/admin archive; excluded from student practice pending source, answer, KaTeX, and/or mapping verification.",,low,"Complete the outstanding source, mathematics, media, or exact mapping review."
APCALC-BC-PRACTICE-2016-MCQ-020,verification_or_mapping_incomplete,official-bc-practice-2016,30,B,,"Retained in the canonical/admin archive; excluded from student practice pending source, answer, KaTeX, and/or mapping verification.",,low,"Complete the outstanding source, mathematics, media, or exact mapping review."
APCALC-BC-PRACTICE-2016-MCQ-021,verification_or_mapping_incomplete,official-bc-practice-2016,31,B,,"Retained in the canonical/admin archive; excluded from student practice pending source, answer, KaTeX, and/or mapping verification.",,low,"Complete the outstanding source, mathematics, media, or exact mapping review."
APCALC-BC-PRACTICE-2016-MCQ-022,verification_or_mapping_incomplete,official-bc-practice-2016,31,C,,"Retained in the canonical/admin archive; excluded from student practice pending source, answer, KaTeX, and/or mapping verification.",,low,"Complete the outstanding source, mathematics, media, or exact mapping review."
APCALC-BC-PRACTICE-2016-MCQ-023,verification_or_mapping_incomplete,official-bc-practice-2016,32,D,,"Retained in the canonical/admin archive; excluded from student practice pending source, answer, KaTeX, and/or mapping verification.",,low,"Complete the outstanding source, mathematics, media, or exact mapping review."
APCALC-BC-PRACTICE-2016-MCQ-024,verification_or_mapping_incomplete,official-bc-practice-2016,33,D,,"Retained in the canonical/admin archive; excluded from student practice pending source, answer, KaTeX, and/or mapping verification.",,low,"Complete the outstanding source, mathematics, media, or exact mapping review."
APCALC-BC-PRACTICE-2016-MCQ-025,verification_or_mapping_incomplete,official-bc-practice-2016,33,B,,"Retained in the canonical/admin archive; excluded from student practice pending source, answer, KaTeX, and/or mapping verification.",,low,"Complete the outstanding source, mathematics, media, or exact mapping review."
APCALC-BC-PRACTICE-2016-MCQ-026,verification_or_mapping_incomplete,official-bc-practice-2016,34,D,,"Retained in the canonical/admin archive; excluded from student practice pending source, answer, KaTeX, and/or mapping verification.",,low,"Complete the outstanding source, mathematics, media, or exact mapping review."
APCALC-BC-PRACTICE-2016-MCQ-027,verification_or_mapping_incomplete,official-bc-practice-2016,35,C,,"Retained in the canonical/admin archive; excluded from student practice pending source, answer, KaTeX, and/or mapping verification.",,low,"Complete the outstanding source, mathematics, media, or exact mapping review."
APCALC-BC-PRACTICE-2016-MCQ-028,verification_or_mapping_incomplete,official-bc-practice-2016,36,D,,"Retained in the canonical/admin archive; excluded from student practice pending source, answer, KaTeX, and/or mapping verification.",,low,"Complete the outstanding source, mathematics, media, or exact mapping review."
APCALC-BC-PRACTICE-2016-MCQ-076,verification_or_mapping_incomplete,official-bc-practice-2016,38,D,,"Retained in the canonical/admin archive; excluded from student practice pending source, answer, KaTeX, and/or mapping verification.",,low,"Complete the outstanding source, mathematics, media, or exact mapping review."
APCALC-BC-PRACTICE-2016-MCQ-077,verification_or_mapping_incomplete,official-bc-practice-2016,38,C,,"Retained in the canonical/admin archive; excluded from student practice pending source, answer, KaTeX, and/or mapping verification.",,low,"Complete the outstanding source, mathematics, media, or exact mapping review."
APCALC-BC-PRACTICE-2016-MCQ-078,verification_or_mapping_incomplete,official-bc-practice-2016,39,C,,"Retained in the canonical/admin archive; excluded from student practice pending source, answer, KaTeX, and/or mapping verification.",,low,"Complete the outstanding source, mathematics, media, or exact mapping review."
APCALC-BC-PRACTICE-2016-MCQ-079,verification_or_mapping_incomplete,official-bc-practice-2016,39,B,,"Retained in the canonical/admin archive; excluded from student practice pending source, answer, KaTeX, and/or mapping verification.",,low,"Complete the outstanding source, mathematics, media, or exact mapping review."
APCALC-BC-PRACTICE-2016-MCQ-080,verification_or_mapping_incomplete,official-bc-practice-2016,40,E,,"Retained in the canonical/admin archive; excluded from student practice pending source, answer, KaTeX, and/or mapping verification.",,low,"Complete the outstanding source, mathematics, media, or exact mapping review."
APCALC-BC-PRACTICE-2016-MCQ-081,verification_or_mapping_incomplete,official-bc-practice-2016,41,B,,"Retained in the canonical/admin archive; excluded from student practice pending source, answer, KaTeX, and/or mapping verification.",,low,"Complete the outstanding source, mathematics, media, or exact mapping review."
APCALC-BC-PRACTICE-2016-MCQ-082,verification_or_mapping_incomplete,official-bc-practice-2016,41,D,,"Retained in the canonical/admin archive; excluded from student practice pending source, answer, KaTeX, and/or mapping verification.",,low,"Complete the outstanding source, mathematics, media, or exact mapping review."
APCALC-BC-PRACTICE-2016-MCQ-083,verification_or_mapping_incomplete,official-bc-practice-2016,42,E,,"Retained in the canonical/admin archive; excluded from student practice pending source, answer, KaTeX, and/or mapping verification.",,low,"Complete the outstanding source, mathematics, media, or exact mapping review."
APCALC-BC-PRACTICE-2016-MCQ-084,verification_or_mapping_incomplete,official-bc-practice-2016,43,B,,"Retained in the canonical/admin archive; excluded from student practice pending source, answer, KaTeX, and/or mapping verification.",,low,"Complete the outstanding source, mathematics, media, or exact mapping review."
APCALC-BC-PRACTICE-2016-MCQ-085,verification_or_mapping_incomplete,official-bc-practice-2016,44,D,,"Retained in the canonical/admin archive; excluded from student practice pending source, answer, KaTeX, and/or mapping verification.",,low,"Complete the outstanding source, mathematics, media, or exact mapping review."
APCALC-BC-PRACTICE-2016-MCQ-086,verification_or_mapping_incomplete,official-bc-practice-2016,45,D,,"Retained in the canonical/admin archive; excluded from student practice pending source, answer, KaTeX, and/or mapping verification.",,low,"Complete the outstanding source, mathematics, media, or exact mapping review."
APCALC-BC-PRACTICE-2016-MCQ-087,verification_or_mapping_incomplete,official-bc-practice-2016,45,D,,"Retained in the canonical/admin archive; excluded from student practice pending source, answer, KaTeX, and/or mapping verification.",,low,"Complete the outstanding source, mathematics, media, or exact mapping review."
APCALC-BC-PRACTICE-2016-MCQ-088,verification_or_mapping_incomplete,official-bc-practice-2016,46,C,,"Retained in the canonical/admin archive; excluded from student practice pending source, answer, KaTeX, and/or mapping verification.",,low,"Complete the outstanding source, mathematics, media, or exact mapping review."
APCALC-BC-PRACTICE-2016-MCQ-089,verification_or_mapping_incomplete,official-bc-practice-2016,46,D,,"Retained in the canonical/admin archive; excluded from student practice pending source, answer, KaTeX, and/or mapping verification.",,low,"Complete the outstanding source, mathematics, media, or exact mapping review."
APCALC-BC-PRACTICE-2016-MCQ-090,verification_or_mapping_incomplete,official-bc-practice-2016,47,A,,"Retained in the canonical/admin archive; excluded from student practice pending source, answer, KaTeX, and/or mapping verification.",,low,"Complete the outstanding source, mathematics, media, or exact mapping review."
APCALC-BC-PRACTICE-2016-MCQ-091,verification_or_mapping_incomplete,official-bc-practice-2016,48,A,,"Retained in the canonical/admin archive; excluded from student practice pending source, answer, KaTeX, and/or mapping verification.",,low,"Complete the outstanding source, mathematics, media, or exact mapping review."
APCALC-BC-PRACTICE-2016-MCQ-092,verification_or_mapping_incomplete,official-bc-practice-2016,49,D,,"Retained in the canonical/admin archive; excluded from student practice pending source, answer, KaTeX, and/or mapping verification.",,low,"Complete the outstanding source, mathematics, media, or exact mapping review."
APCALC-BC-PRACTICE-2016-FRQ-01,verification_or_mapping_incomplete,official-bc-practice-2016,54; 72,,,"Retained in the canonical/admin archive; excluded from student practice pending source, answer, KaTeX, and/or mapping verification.",,low,"Complete the outstanding source, mathematics, media, or exact mapping review."
APCALC-BC-PRACTICE-2016-FRQ-02,verification_or_mapping_incomplete,official-bc-practice-2016,56; 73,,,"Retained in the canonical/admin archive; excluded from student practice pending source, answer, KaTeX, and/or mapping verification.",,low,"Complete the outstanding source, mathematics, media, or exact mapping review."
APCALC-BC-PRACTICE-2016-FRQ-03,verification_or_mapping_incomplete,official-bc-practice-2016,60; 74,,,"Retained in the canonical/admin archive; excluded from student practice pending source, answer, KaTeX, and/or mapping verification.",,low,"Complete the outstanding source, mathematics, media, or exact mapping review."
APCALC-BC-PRACTICE-2016-FRQ-04,verification_or_mapping_incomplete,official-bc-practice-2016,62; 75,,,"Retained in the canonical/admin archive; excluded from student practice pending source, answer, KaTeX, and/or mapping verification.",,low,"Complete the outstanding source, mathematics, media, or exact mapping review."
APCALC-BC-PRACTICE-2016-FRQ-05,verification_or_mapping_incomplete,official-bc-practice-2016,64; 76,,,"Retained in the canonical/admin archive; excluded from student practice pending source, answer, KaTeX, and/or mapping verification.",,low,"Complete the outstanding source, mathematics, media, or exact mapping review."
APCALC-BC-PRACTICE-2016-FRQ-06,verification_or_mapping_incomplete,official-bc-practice-2016,66; 77,,,"Retained in the canonical/admin archive; excluded from student practice pending source, answer, KaTeX, and/or mapping verification.",,low,"Complete the outstanding source, mathematics, media, or exact mapping review."
LUCID-AB-PRACTICE-2015-MCQ-001,public_release_blocked,lucid-ab-practice-2015,3,A,,"Retained in the canonical/admin archive; excluded from student practice pending source, answer, KaTeX, and/or mapping verification.",,verified,Keep redacted from public student practice; verify source/transcription and obtain release authorization before promotion.
LUCID-AB-PRACTICE-2015-MCQ-002,public_release_blocked,lucid-ab-practice-2015,3,C,,"Retained in the canonical/admin archive; excluded from student practice pending source, answer, KaTeX, and/or mapping verification.",,verified,Keep redacted from public student practice; verify source/transcription and obtain release authorization before promotion.
LUCID-AB-PRACTICE-2015-MCQ-003,public_release_blocked,lucid-ab-practice-2015,4,B,,"Retained in the canonical/admin archive; excluded from student practice pending source, answer, KaTeX, and/or mapping verification.",,verified,Keep redacted from public student practice; verify source/transcription and obtain release authorization before promotion.
LUCID-AB-PRACTICE-2015-MCQ-004,public_release_blocked,lucid-ab-practice-2015,4,C,,"Retained in the canonical/admin archive; excluded from student practice pending source, answer, KaTeX, and/or mapping verification.",,verified,Keep redacted from public student practice; verify source/transcription and obtain release authorization before promotion.
LUCID-AB-PRACTICE-2015-MCQ-005,public_release_blocked,lucid-ab-practice-2015,5,A,,"Retained in the canonical/admin archive; excluded from student practice pending source, answer, KaTeX, and/or mapping verification.",,verified,Keep redacted from public student practice; verify source/transcription and obtain release authorization before promotion.
LUCID-AB-PRACTICE-2015-MCQ-006,public_release_blocked,lucid-ab-practice-2015,5,D,,"Retained in the canonical/admin archive; excluded from student practice pending source, answer, KaTeX, and/or mapping verification.",,verified,Keep redacted from public student practice; verify source/transcription and obtain release authorization before promotion.
LUCID-AB-PRACTICE-2015-MCQ-007,public_release_blocked,lucid-ab-practice-2015,6,B,,"Retained in the canonical/admin archive; excluded from student practice pending source, answer, KaTeX, and/or mapping verification.",,verified,Keep redacted from public student practice; verify source/transcription and obtain release authorization before promotion.
LUCID-AB-PRACTICE-2015-MCQ-008,public_release_blocked,lucid-ab-practice-2015,6,E,,"Retained in the canonical/admin archive; excluded from student practice pending source, answer, KaTeX, and/or mapping verification.",,verified,Keep redacted from public student practice; verify source/transcription and obtain release authorization before promotion.
LUCID-AB-PRACTICE-2015-MCQ-009,public_release_blocked,lucid-ab-practice-2015,7,D,,"Retained in the canonical/admin archive; excluded from student practice pending source, answer, KaTeX, and/or mapping verification.",,verified,Keep redacted from public student practice; verify source/transcription and obtain release authorization before promotion.
LUCID-AB-PRACTICE-2015-MCQ-010,public_release_blocked,lucid-ab-practice-2015,7,A,,"Retained in the canonical/admin archive; excluded from student practice pending source, answer, KaTeX, and/or mapping verification.",,verified,Keep redacted from public student practice; verify source/transcription and obtain release authorization before promotion.
LUCID-AB-PRACTICE-2015-MCQ-011,public_release_blocked,lucid-ab-practice-2015,8,D,,"Retained in the canonical/admin archive; excluded from student practice pending source, answer, KaTeX, and/or mapping verification.",,verified,Keep redacted from public student practice; verify source/transcription and obtain release authorization before promotion.
LUCID-AB-PRACTICE-2015-MCQ-012,public_release_blocked,lucid-ab-practice-2015,8,C,,"Retained in the canonical/admin archive; excluded from student practice pending source, answer, KaTeX, and/or mapping verification.",,verified,Keep redacted from public student practice; verify source/transcription and obtain release authorization before promotion.
LUCID-AB-PRACTICE-2015-MCQ-013,public_release_blocked,lucid-ab-practice-2015,9,E,,"Retained in the canonical/admin archive; excluded from student practice pending source, answer, KaTeX, and/or mapping verification.",,verified,Keep redacted from public student practice; verify source/transcription and obtain release authorization before promotion.
LUCID-AB-PRACTICE-2015-MCQ-014,public_release_blocked,lucid-ab-practice-2015,9,C,,"Retained in the canonical/admin archive; excluded from student practice pending source, answer, KaTeX, and/or mapping verification.",,verified,Keep redacted from public student practice; verify source/transcription and obtain release authorization before promotion.
LUCID-AB-PRACTICE-2015-MCQ-015,public_release_blocked,lucid-ab-practice-2015,10,B,,"Retained in the canonical/admin archive; excluded from student practice pending source, answer, KaTeX, and/or mapping verification.",,verified,Keep redacted from public student practice; verify source/transcription and obtain release authorization before promotion.
LUCID-AB-PRACTICE-2015-MCQ-016,public_release_blocked,lucid-ab-practice-2015,10,C,,"Retained in the canonical/admin archive; excluded from student practice pending source, answer, KaTeX, and/or mapping verification.",,verified,Keep redacted from public student practice; verify source/transcription and obtain release authorization before promotion.
LUCID-AB-PRACTICE-2015-MCQ-017,public_release_blocked,lucid-ab-practice-2015,11,D,,"Retained in the canonical/admin archive; excluded from student practice pending source, answer, KaTeX, and/or mapping verification.",,verified,Keep redacted from public student practice; verify source/transcription and obtain release authorization before promotion.
LUCID-AB-PRACTICE-2015-MCQ-018,public_release_blocked,lucid-ab-practice-2015,11,A,,"Retained in the canonical/admin archive; excluded from student practice pending source, answer, KaTeX, and/or mapping verification.",,verified,Keep redacted from public student practice; verify source/transcription and obtain release authorization before promotion.
LUCID-AB-PRACTICE-2015-MCQ-019,public_release_blocked,lucid-ab-practice-2015,12,C,,"Retained in the canonical/admin archive; excluded from student practice pending source, answer, KaTeX, and/or mapping verification.",,verified,Keep redacted from public student practice; verify source/transcription and obtain release authorization before promotion.
LUCID-AB-PRACTICE-2015-MCQ-020,public_release_blocked,lucid-ab-practice-2015,12,C,,"Retained in the canonical/admin archive; excluded from student practice pending source, answer, KaTeX, and/or mapping verification.",,verified,Keep redacted from public student practice; verify source/transcription and obtain release authorization before promotion.
LUCID-AB-PRACTICE-2015-MCQ-021,public_release_blocked,lucid-ab-practice-2015,13,B,,"Retained in the canonical/admin archive; excluded from student practice pending source, answer, KaTeX, and/or mapping verification.",,verified,Keep redacted from public student practice; verify source/transcription and obtain release authorization before promotion.
LUCID-AB-PRACTICE-2015-MCQ-022,public_release_blocked,lucid-ab-practice-2015,13,D,,"Retained in the canonical/admin archive; excluded from student practice pending source, answer, KaTeX, and/or mapping verification.",,verified,Keep redacted from public student practice; verify source/transcription and obtain release authorization before promotion.
LUCID-AB-PRACTICE-2015-MCQ-023,public_release_blocked,lucid-ab-practice-2015,14,E,,"Retained in the canonical/admin archive; excluded from student practice pending source, answer, KaTeX, and/or mapping verification.",,verified,Keep redacted from public student practice; verify source/transcription and obtain release authorization before promotion.
LUCID-AB-PRACTICE-2015-MCQ-024,public_release_blocked,lucid-ab-practice-2015,14,D,,"Retained in the canonical/admin archive; excluded from student practice pending source, answer, KaTeX, and/or mapping verification.",,verified,Keep redacted from public student practice; verify source/transcription and obtain release authorization before promotion.
LUCID-AB-PRACTICE-2015-MCQ-025,public_release_blocked,lucid-ab-practice-2015,15,A,,"Retained in the canonical/admin archive; excluded from student practice pending source, answer, KaTeX, and/or mapping verification.",,verified,Keep redacted from public student practice; verify source/transcription and obtain release authorization before promotion.
LUCID-AB-PRACTICE-2015-MCQ-026,public_release_blocked,lucid-ab-practice-2015,15,A,,"Retained in the canonical/admin archive; excluded from student practice pending source, answer, KaTeX, and/or mapping verification.",,verified,Keep redacted from public student practice; verify source/transcription and obtain release authorization before promotion.
LUCID-AB-PRACTICE-2015-MCQ-027,public_release_blocked,lucid-ab-practice-2015,16,C,,"Retained in the canonical/admin archive; excluded from student practice pending source, answer, KaTeX, and/or mapping verification.",,verified,Keep redacted from public student practice; verify source/transcription and obtain release authorization before promotion.
LUCID-AB-PRACTICE-2015-MCQ-028,public_release_blocked,lucid-ab-practice-2015,16,D,,"Retained in the canonical/admin archive; excluded from student practice pending source, answer, KaTeX, and/or mapping verification.",,verified,Keep redacted from public student practice; verify source/transcription and obtain release authorization before promotion.
LUCID-AB-PRACTICE-2015-MCQ-076,public_release_blocked,lucid-ab-practice-2015,18,B,,"Retained in the canonical/admin archive; excluded from student practice pending source, answer, KaTeX, and/or mapping verification.",,verified,Keep redacted from public student practice; verify source/transcription and obtain release authorization before promotion.
LUCID-AB-PRACTICE-2015-MCQ-077,public_release_blocked,lucid-ab-practice-2015,18,A,,"Retained in the canonical/admin archive; excluded from student practice pending source, answer, KaTeX, and/or mapping verification.",,verified,Keep redacted from public student practice; verify source/transcription and obtain release authorization before promotion.
LUCID-AB-PRACTICE-2015-MCQ-078,public_release_blocked,lucid-ab-practice-2015,19,D,,"Retained in the canonical/admin archive; excluded from student practice pending source, answer, KaTeX, and/or mapping verification.",,verified,Keep redacted from public student practice; verify source/transcription and obtain release authorization before promotion.
LUCID-AB-PRACTICE-2015-MCQ-079,public_release_blocked,lucid-ab-practice-2015,19,A,,"Retained in the canonical/admin archive; excluded from student practice pending source, answer, KaTeX, and/or mapping verification.",,verified,Keep redacted from public student practice; verify source/transcription and obtain release authorization before promotion.
LUCID-AB-PRACTICE-2015-MCQ-080,public_release_blocked,lucid-ab-practice-2015,20,D,,"Retained in the canonical/admin archive; excluded from student practice pending source, answer, KaTeX, and/or mapping verification.",,verified,Keep redacted from public student practice; verify source/transcription and obtain release authorization before promotion.
LUCID-AB-PRACTICE-2015-MCQ-081,public_release_blocked,lucid-ab-practice-2015,20,C,,"Retained in the canonical/admin archive; excluded from student practice pending source, answer, KaTeX, and/or mapping verification.",,verified,Keep redacted from public student practice; verify source/transcription and obtain release authorization before promotion.
LUCID-AB-PRACTICE-2015-MCQ-082,public_release_blocked,lucid-ab-practice-2015,21,A,,"Retained in the canonical/admin archive; excluded from student practice pending source, answer, KaTeX, and/or mapping verification.",,verified,Keep redacted from public student practice; verify source/transcription and obtain release authorization before promotion.
LUCID-AB-PRACTICE-2015-MCQ-083,public_release_blocked,lucid-ab-practice-2015,21,C,,"Retained in the canonical/admin archive; excluded from student practice pending source, answer, KaTeX, and/or mapping verification.",,verified,Keep redacted from public student practice; verify source/transcription and obtain release authorization before promotion.
LUCID-AB-PRACTICE-2015-MCQ-084,public_release_blocked,lucid-ab-practice-2015,22,C,,"Retained in the canonical/admin archive; excluded from student practice pending source, answer, KaTeX, and/or mapping verification.",,verified,Keep redacted from public student practice; verify source/transcription and obtain release authorization before promotion.
LUCID-AB-PRACTICE-2015-MCQ-085,public_release_blocked,lucid-ab-practice-2015,22,E,,"Retained in the canonical/admin archive; excluded from student practice pending source, answer, KaTeX, and/or mapping verification.",,verified,Keep redacted from public student practice; verify source/transcription and obtain release authorization before promotion.
LUCID-AB-PRACTICE-2015-MCQ-086,public_release_blocked,lucid-ab-practice-2015,23,E,,"Retained in the canonical/admin archive; excluded from student practice pending source, answer, KaTeX, and/or mapping verification.",,verified,Keep redacted from public student practice; verify source/transcription and obtain release authorization before promotion.
LUCID-AB-PRACTICE-2015-MCQ-087,public_release_blocked,lucid-ab-practice-2015,23,B,,"Retained in the canonical/admin archive; excluded from student practice pending source, answer, KaTeX, and/or mapping verification.",,verified,Keep redacted from public student practice; verify source/transcription and obtain release authorization before promotion.
LUCID-AB-PRACTICE-2015-MCQ-088,public_release_blocked,lucid-ab-practice-2015,24,C,,"Retained in the canonical/admin archive; excluded from student practice pending source, answer, KaTeX, and/or mapping verification.",,verified,Keep redacted from public student practice; verify source/transcription and obtain release authorization before promotion.
LUCID-AB-PRACTICE-2015-MCQ-089,public_release_blocked,lucid-ab-practice-2015,24,B,,"Retained in the canonical/admin archive; excluded from student practice pending source, answer, KaTeX, and/or mapping verification.",,verified,Keep redacted from public student practice; verify source/transcription and obtain release authorization before promotion.
LUCID-AB-PRACTICE-2015-MCQ-090,public_release_blocked,lucid-ab-practice-2015,25,E,,"Retained in the canonical/admin archive; excluded from student practice pending source, answer, KaTeX, and/or mapping verification.",,verified,Keep redacted from public student practice; verify source/transcription and obtain release authorization before promotion.
LUCID-AB-PRACTICE-2015-MCQ-091,public_release_blocked,lucid-ab-practice-2015,25,C,,"Retained in the canonical/admin archive; excluded from student practice pending source, answer, KaTeX, and/or mapping verification.",,verified,Keep redacted from public student practice; verify source/transcription and obtain release authorization before promotion.
LUCID-AB-PRACTICE-2015-MCQ-092,public_release_blocked,lucid-ab-practice-2015,26,D,,"Retained in the canonical/admin archive; excluded from student practice pending source, answer, KaTeX, and/or mapping verification.",,verified,Keep redacted from public student practice; verify source/transcription and obtain release authorization before promotion.
LUCID-AB-PRACTICE-2015-FRQ-01,public_release_blocked,lucid-ab-practice-2015,28; 39,,,"Retained in the canonical/admin archive; excluded from student practice pending source, answer, KaTeX, and/or mapping verification.",,verified,Keep redacted from public student practice; verify source/transcription and obtain release authorization before promotion.
LUCID-AB-PRACTICE-2015-FRQ-02,public_release_blocked,lucid-ab-practice-2015,29; 30; 31; 40,,,"Retained in the canonical/admin archive; excluded from student practice pending source, answer, KaTeX, and/or mapping verification.",,verified,Keep redacted from public student practice; verify source/transcription and obtain release authorization before promotion.
LUCID-AB-PRACTICE-2015-FRQ-03,public_release_blocked,lucid-ab-practice-2015,32; 41; 42,,,"Retained in the canonical/admin archive; excluded from student practice pending source, answer, KaTeX, and/or mapping verification.",,verified,Keep redacted from public student practice; verify source/transcription and obtain release authorization before promotion.
LUCID-AB-PRACTICE-2015-FRQ-04,public_release_blocked,lucid-ab-practice-2015,33; 43,,,"Retained in the canonical/admin archive; excluded from student practice pending source, answer, KaTeX, and/or mapping verification.",,verified,Keep redacted from public student practice; verify source/transcription and obtain release authorization before promotion.
LUCID-AB-PRACTICE-2015-FRQ-05,public_release_blocked,lucid-ab-practice-2015,34; 44; 45,,,"Retained in the canonical/admin archive; excluded from student practice pending source, answer, KaTeX, and/or mapping verification.",,verified,Keep redacted from public student practice; verify source/transcription and obtain release authorization before promotion.
LUCID-AB-PRACTICE-2015-FRQ-06,public_release_blocked,lucid-ab-practice-2015,35; 45; 46,,,"Retained in the canonical/admin archive; excluded from student practice pending source, answer, KaTeX, and/or mapping verification.",,verified,Keep redacted from public student practice; verify source/transcription and obtain release authorization before promotion.
MYMAXSCORE-AB-PRACTICE-MCQ-001,public_release_blocked,my-max-score-ab-practice,1; 15,B,,"Retained in the canonical/admin archive; excluded from student practice pending source, answer, KaTeX, and/or mapping verification.",,verified,Keep redacted from public student practice; verify source/transcription and obtain release authorization before promotion.
MYMAXSCORE-AB-PRACTICE-MCQ-002,public_release_blocked,my-max-score-ab-practice,2; 15,C,,"Retained in the canonical/admin archive; excluded from student practice pending source, answer, KaTeX, and/or mapping verification.",,verified,Keep redacted from public student practice; verify source/transcription and obtain release authorization before promotion.
MYMAXSCORE-AB-PRACTICE-MCQ-003,public_release_blocked,my-max-score-ab-practice,2; 15,D,,"Retained in the canonical/admin archive; excluded from student practice pending source, answer, KaTeX, and/or mapping verification.",,verified,Keep redacted from public student practice; verify source/transcription and obtain release authorization before promotion.
MYMAXSCORE-AB-PRACTICE-MCQ-004,public_release_blocked,my-max-score-ab-practice,2; 15,B,,"Retained in the canonical/admin archive; excluded from student practice pending source, answer, KaTeX, and/or mapping verification.",,verified,Keep redacted from public student practice; verify source/transcription and obtain release authorization before promotion.
MYMAXSCORE-AB-PRACTICE-MCQ-005,public_release_blocked,my-max-score-ab-practice,2; 15,D,,"Retained in the canonical/admin archive; excluded from student practice pending source, answer, KaTeX, and/or mapping verification.",,verified,Keep redacted from public student practice; verify source/transcription and obtain release authorization before promotion.
MYMAXSCORE-AB-PRACTICE-MCQ-006,public_release_blocked,my-max-score-ab-practice,2; 15,A,,"Retained in the canonical/admin archive; excluded from student practice pending source, answer, KaTeX, and/or mapping verification.",,verified,Keep redacted from public student practice; verify source/transcription and obtain release authorization before promotion.
MYMAXSCORE-AB-PRACTICE-MCQ-007,public_release_blocked,my-max-score-ab-practice,2; 15,B,,"Retained in the canonical/admin archive; excluded from student practice pending source, answer, KaTeX, and/or mapping verification.",,verified,Keep redacted from public student practice; verify source/transcription and obtain release authorization before promotion.
MYMAXSCORE-AB-PRACTICE-MCQ-008,public_release_blocked,my-max-score-ab-practice,3; 15,C,,"Retained in the canonical/admin archive; excluded from student practice pending source, answer, KaTeX, and/or mapping verification.",,verified,Keep redacted from public student practice; verify source/transcription and obtain release authorization before promotion.
MYMAXSCORE-AB-PRACTICE-MCQ-009,public_release_blocked,my-max-score-ab-practice,3; 15,E,,"Retained in the canonical/admin archive; excluded from student practice pending source, answer, KaTeX, and/or mapping verification.",,verified,Keep redacted from public student practice; verify source/transcription and obtain release authorization before promotion.
MYMAXSCORE-AB-PRACTICE-MCQ-010,public_release_blocked,my-max-score-ab-practice,3; 15,A,,"Retained in the canonical/admin archive; excluded from student practice pending source, answer, KaTeX, and/or mapping verification.",,verified,Keep redacted from public student practice; verify source/transcription and obtain release authorization before promotion.
MYMAXSCORE-AB-PRACTICE-MCQ-011,public_release_blocked,my-max-score-ab-practice,3; 15,C,,"Retained in the canonical/admin archive; excluded from student practice pending source, answer, KaTeX, and/or mapping verification.",,verified,Keep redacted from public student practice; verify source/transcription and obtain release authorization before promotion.
MYMAXSCORE-AB-PRACTICE-MCQ-012,public_release_blocked,my-max-score-ab-practice,3; 15,C,,"Retained in the canonical/admin archive; excluded from student practice pending source, answer, KaTeX, and/or mapping verification.",,verified,Keep redacted from public student practice; verify source/transcription and obtain release authorization before promotion.
MYMAXSCORE-AB-PRACTICE-MCQ-013,public_release_blocked,my-max-score-ab-practice,3; 16,B,,"Retained in the canonical/admin archive; excluded from student practice pending source, answer, KaTeX, and/or mapping verification.",,verified,Keep redacted from public student practice; verify source/transcription and obtain release authorization before promotion.
MYMAXSCORE-AB-PRACTICE-MCQ-014,public_release_blocked,my-max-score-ab-practice,3; 16,D,,"Retained in the canonical/admin archive; excluded from student practice pending source, answer, KaTeX, and/or mapping verification.",,verified,Keep redacted from public student practice; verify source/transcription and obtain release authorization before promotion.
MYMAXSCORE-AB-PRACTICE-MCQ-015,public_release_blocked,my-max-score-ab-practice,4; 16,B,,"Retained in the canonical/admin archive; excluded from student practice pending source, answer, KaTeX, and/or mapping verification.",,verified,Keep redacted from public student practice; verify source/transcription and obtain release authorization before promotion.
MYMAXSCORE-AB-PRACTICE-MCQ-016,public_release_blocked,my-max-score-ab-practice,4; 16,C,,"Retained in the canonical/admin archive; excluded from student practice pending source, answer, KaTeX, and/or mapping verification.",,verified,Keep redacted from public student practice; verify source/transcription and obtain release authorization before promotion.
MYMAXSCORE-AB-PRACTICE-MCQ-017,public_release_blocked,my-max-score-ab-practice,4; 16,E,,"Retained in the canonical/admin archive; excluded from student practice pending source, answer, KaTeX, and/or mapping verification.",,verified,Keep redacted from public student practice; verify source/transcription and obtain release authorization before promotion.
MYMAXSCORE-AB-PRACTICE-MCQ-018,public_release_blocked,my-max-score-ab-practice,4; 16,D,,"Retained in the canonical/admin archive; excluded from student practice pending source, answer, KaTeX, and/or mapping verification.",,verified,Keep redacted from public student practice; verify source/transcription and obtain release authorization before promotion.
MYMAXSCORE-AB-PRACTICE-MCQ-019,public_release_blocked,my-max-score-ab-practice,4; 16,A,,"Retained in the canonical/admin archive; excluded from student practice pending source, answer, KaTeX, and/or mapping verification.",,verified,Keep redacted from public student practice; verify source/transcription and obtain release authorization before promotion.
MYMAXSCORE-AB-PRACTICE-MCQ-020,public_release_blocked,my-max-score-ab-practice,4; 16,E,,"Retained in the canonical/admin archive; excluded from student practice pending source, answer, KaTeX, and/or mapping verification.",,verified,Keep redacted from public student practice; verify source/transcription and obtain release authorization before promotion.
MYMAXSCORE-AB-PRACTICE-MCQ-021,public_release_blocked,my-max-score-ab-practice,5; 16,D,,"Retained in the canonical/admin archive; excluded from student practice pending source, answer, KaTeX, and/or mapping verification.",,verified,Keep redacted from public student practice; verify source/transcription and obtain release authorization before promotion.
MYMAXSCORE-AB-PRACTICE-MCQ-022,public_release_blocked,my-max-score-ab-practice,5; 17,D,,"Retained in the canonical/admin archive; excluded from student practice pending source, answer, KaTeX, and/or mapping verification.",,verified,Keep redacted from public student practice; verify source/transcription and obtain release authorization before promotion.
MYMAXSCORE-AB-PRACTICE-MCQ-023,public_release_blocked,my-max-score-ab-practice,6; 17,A,,"Retained in the canonical/admin archive; excluded from student practice pending source, answer, KaTeX, and/or mapping verification.",,verified,Keep redacted from public student practice; verify source/transcription and obtain release authorization before promotion.
MYMAXSCORE-AB-PRACTICE-MCQ-024,public_release_blocked,my-max-score-ab-practice,6; 17,A,,"Retained in the canonical/admin archive; excluded from student practice pending source, answer, KaTeX, and/or mapping verification.",,verified,Keep redacted from public student practice; verify source/transcription and obtain release authorization before promotion.
MYMAXSCORE-AB-PRACTICE-MCQ-025,public_release_blocked,my-max-score-ab-practice,7; 17,E,,"Retained in the canonical/admin archive; excluded from student practice pending source, answer, KaTeX, and/or mapping verification.",,verified,Keep redacted from public student practice; verify source/transcription and obtain release authorization before promotion.
MYMAXSCORE-AB-PRACTICE-MCQ-026,public_release_blocked,my-max-score-ab-practice,7; 17,D,,"Retained in the canonical/admin archive; excluded from student practice pending source, answer, KaTeX, and/or mapping verification.",,verified,Keep redacted from public student practice; verify source/transcription and obtain release authorization before promotion.
MYMAXSCORE-AB-PRACTICE-MCQ-027,public_release_blocked,my-max-score-ab-practice,7; 17,B,,"Retained in the canonical/admin archive; excluded from student practice pending source, answer, KaTeX, and/or mapping verification.",,verified,Keep redacted from public student practice; verify source/transcription and obtain release authorization before promotion.
MYMAXSCORE-AB-PRACTICE-MCQ-028,public_release_blocked,my-max-score-ab-practice,7; 17,C,,"Retained in the canonical/admin archive; excluded from student practice pending source, answer, KaTeX, and/or mapping verification.",,verified,Keep redacted from public student practice; verify source/transcription and obtain release authorization before promotion.
MYMAXSCORE-AB-PRACTICE-MCQ-029,public_release_blocked,my-max-score-ab-practice,8; 17,C,,"Retained in the canonical/admin archive; excluded from student practice pending source, answer, KaTeX, and/or mapping verification.",,verified,Keep redacted from public student practice; verify source/transcription and obtain release authorization before promotion.
MYMAXSCORE-AB-PRACTICE-MCQ-030,public_release_blocked,my-max-score-ab-practice,8; 18,C,,"Retained in the canonical/admin archive; excluded from student practice pending source, answer, KaTeX, and/or mapping verification.",,verified,Keep redacted from public student practice; verify source/transcription and obtain release authorization before promotion.
MYMAXSCORE-AB-PRACTICE-MCQ-031,public_release_blocked,my-max-score-ab-practice,8; 18,D,,"Retained in the canonical/admin archive; excluded from student practice pending source, answer, KaTeX, and/or mapping verification.",,verified,Keep redacted from public student practice; verify source/transcription and obtain release authorization before promotion.
MYMAXSCORE-AB-PRACTICE-MCQ-032,public_release_blocked,my-max-score-ab-practice,9; 18,C,,"Retained in the canonical/admin archive; excluded from student practice pending source, answer, KaTeX, and/or mapping verification.",,verified,Keep redacted from public student practice; verify source/transcription and obtain release authorization before promotion.
MYMAXSCORE-AB-PRACTICE-MCQ-033,public_release_blocked,my-max-score-ab-practice,9; 18,C,,"Retained in the canonical/admin archive; excluded from student practice pending source, answer, KaTeX, and/or mapping verification.",,verified,Keep redacted from public student practice; verify source/transcription and obtain release authorization before promotion.
MYMAXSCORE-AB-PRACTICE-MCQ-034,public_release_blocked,my-max-score-ab-practice,9; 18,B,,"Retained in the canonical/admin archive; excluded from student practice pending source, answer, KaTeX, and/or mapping verification.",,verified,Keep redacted from public student practice; verify source/transcription and obtain release authorization before promotion.
MYMAXSCORE-AB-PRACTICE-MCQ-035,public_release_blocked,my-max-score-ab-practice,10; 18,D,,"Retained in the canonical/admin archive; excluded from student practice pending source, answer, KaTeX, and/or mapping verification.",,verified,Keep redacted from public student practice; verify source/transcription and obtain release authorization before promotion.
MYMAXSCORE-AB-PRACTICE-MCQ-036,public_release_blocked,my-max-score-ab-practice,10; 18,E,,"Retained in the canonical/admin archive; excluded from student practice pending source, answer, KaTeX, and/or mapping verification.",,verified,Keep redacted from public student practice; verify source/transcription and obtain release authorization before promotion.
MYMAXSCORE-AB-PRACTICE-MCQ-037,public_release_blocked,my-max-score-ab-practice,10; 18,A,,"Retained in the canonical/admin archive; excluded from student practice pending source, answer, KaTeX, and/or mapping verification.",,verified,Keep redacted from public student practice; verify source/transcription and obtain release authorization before promotion.
MYMAXSCORE-AB-PRACTICE-MCQ-038,public_release_blocked,my-max-score-ab-practice,10; 18,B,,"Retained in the canonical/admin archive; excluded from student practice pending source, answer, KaTeX, and/or mapping verification.",,verified,Keep redacted from public student practice; verify source/transcription and obtain release authorization before promotion.
MYMAXSCORE-AB-PRACTICE-MCQ-039,public_release_blocked,my-max-score-ab-practice,10; 18,B,,"Retained in the canonical/admin archive; excluded from student practice pending source, answer, KaTeX, and/or mapping verification.",,verified,Keep redacted from public student practice; verify source/transcription and obtain release authorization before promotion.
MYMAXSCORE-AB-PRACTICE-MCQ-040,public_release_blocked,my-max-score-ab-practice,11; 19,C,,"Retained in the canonical/admin archive; excluded from student practice pending source, answer, KaTeX, and/or mapping verification.",,verified,Keep redacted from public student practice; verify source/transcription and obtain release authorization before promotion.
MYMAXSCORE-AB-PRACTICE-MCQ-041,public_release_blocked,my-max-score-ab-practice,11; 19,C,,"Retained in the canonical/admin archive; excluded from student practice pending source, answer, KaTeX, and/or mapping verification.",,verified,Keep redacted from public student practice; verify source/transcription and obtain release authorization before promotion.
MYMAXSCORE-AB-PRACTICE-MCQ-042,public_release_blocked,my-max-score-ab-practice,11; 19,B,,"Retained in the canonical/admin archive; excluded from student practice pending source, answer, KaTeX, and/or mapping verification.",,verified,Keep redacted from public student practice; verify source/transcription and obtain release authorization before promotion.
MYMAXSCORE-AB-PRACTICE-MCQ-043,public_release_blocked,my-max-score-ab-practice,11; 19,E,,"Retained in the canonical/admin archive; excluded from student practice pending source, answer, KaTeX, and/or mapping verification.",,verified,Keep redacted from public student practice; verify source/transcription and obtain release authorization before promotion.
MYMAXSCORE-AB-PRACTICE-MCQ-044,public_release_blocked,my-max-score-ab-practice,11; 19,A,,"Retained in the canonical/admin archive; excluded from student practice pending source, answer, KaTeX, and/or mapping verification.",,verified,Keep redacted from public student practice; verify source/transcription and obtain release authorization before promotion.
MYMAXSCORE-AB-PRACTICE-MCQ-045,public_release_blocked,my-max-score-ab-practice,11; 19,E,,"Retained in the canonical/admin archive; excluded from student practice pending source, answer, KaTeX, and/or mapping verification.",,verified,Keep redacted from public student practice; verify source/transcription and obtain release authorization before promotion.
MYMAXSCORE-AB-PRACTICE-FRQ-01,public_release_blocked,my-max-score-ab-practice,12; 19,,,"Retained in the canonical/admin archive; excluded from student practice pending source, answer, KaTeX, and/or mapping verification.",,verified,Keep redacted from public student practice; verify source/transcription and obtain release authorization before promotion.
MYMAXSCORE-AB-PRACTICE-FRQ-02,public_release_blocked,my-max-score-ab-practice,13; 19,,,"Retained in the canonical/admin archive; excluded from student practice pending source, answer, KaTeX, and/or mapping verification.",,verified,Keep redacted from public student practice; verify source/transcription and obtain release authorization before promotion.
MYMAXSCORE-AB-PRACTICE-FRQ-03,public_release_blocked,my-max-score-ab-practice,13; 20,,,"Retained in the canonical/admin archive; excluded from student practice pending source, answer, KaTeX, and/or mapping verification.",,verified,Keep redacted from public student practice; verify source/transcription and obtain release authorization before promotion.
MYMAXSCORE-AB-PRACTICE-FRQ-04,public_release_blocked,my-max-score-ab-practice,14; 20,,,"Retained in the canonical/admin archive; excluded from student practice pending source, answer, KaTeX, and/or mapping verification.",,verified,Keep redacted from public student practice; verify source/transcription and obtain release authorization before promotion.
MYMAXSCORE-AB-PRACTICE-FRQ-05,public_release_blocked,my-max-score-ab-practice,14; 21,,,"Retained in the canonical/admin archive; excluded from student practice pending source, answer, KaTeX, and/or mapping verification.",,verified,Keep redacted from public student practice; verify source/transcription and obtain release authorization before promotion.
MYMAXSCORE-AB-PRACTICE-FRQ-06,public_release_blocked,my-max-score-ab-practice,14; 21,,,"Retained in the canonical/admin archive; excluded from student practice pending source, answer, KaTeX, and/or mapping verification.",,verified,Keep redacted from public student practice; verify source/transcription and obtain release authorization before promotion.
ECHS-BC-CH7-8-2015-MCQ-001,public_release_blocked,echs-bc-ch7-8-2015,1,A,,"Retained in the canonical/admin archive; excluded from student practice pending source, answer, KaTeX, and/or mapping verification.",,verified,Keep redacted from public student practice; verify source/transcription and obtain release authorization before promotion.
ECHS-BC-CH7-8-2015-MCQ-002,public_release_blocked,echs-bc-ch7-8-2015,1,D,,"Retained in the canonical/admin archive; excluded from student practice pending source, answer, KaTeX, and/or mapping verification.",,verified,Keep redacted from public student practice; verify source/transcription and obtain release authorization before promotion.
ECHS-BC-CH7-8-2015-MCQ-003,public_release_blocked,echs-bc-ch7-8-2015,1,C,,"Retained in the canonical/admin archive; excluded from student practice pending source, answer, KaTeX, and/or mapping verification.",,verified,Keep redacted from public student practice; verify source/transcription and obtain release authorization before promotion.
ECHS-BC-CH7-8-2015-MCQ-004,public_release_blocked,echs-bc-ch7-8-2015,2,B,,"Retained in the canonical/admin archive; excluded from student practice pending source, answer, KaTeX, and/or mapping verification.",,verified,Keep redacted from public student practice; verify source/transcription and obtain release authorization before promotion.
ECHS-BC-CH7-8-2015-MCQ-005,public_release_blocked,echs-bc-ch7-8-2015,2,C,,"Retained in the canonical/admin archive; excluded from student practice pending source, answer, KaTeX, and/or mapping verification.",,verified,Keep redacted from public student practice; verify source/transcription and obtain release authorization before promotion.
ECHS-BC-CH7-8-2015-MCQ-006,public_release_blocked,echs-bc-ch7-8-2015,2,D,,"Retained in the canonical/admin archive; excluded from student practice pending source, answer, KaTeX, and/or mapping verification.",,verified,Keep redacted from public student practice; verify source/transcription and obtain release authorization before promotion.
ECHS-BC-CH7-8-2015-MCQ-007,public_release_blocked,echs-bc-ch7-8-2015,3,C,,"Retained in the canonical/admin archive; excluded from student practice pending source, answer, KaTeX, and/or mapping verification.",,verified,Keep redacted from public student practice; verify source/transcription and obtain release authorization before promotion.
ECHS-BC-CH7-8-2015-MCQ-008,public_release_blocked,echs-bc-ch7-8-2015,3,E,,"Retained in the canonical/admin archive; excluded from student practice pending source, answer, KaTeX, and/or mapping verification.",,verified,Keep redacted from public student practice; verify source/transcription and obtain release authorization before promotion.
ECHS-BC-CH7-8-2015-MCQ-009,public_release_blocked,echs-bc-ch7-8-2015,3,B,,"Retained in the canonical/admin archive; excluded from student practice pending source, answer, KaTeX, and/or mapping verification.",,verified,Keep redacted from public student practice; verify source/transcription and obtain release authorization before promotion.
ECHS-BC-CH7-8-2015-FRQ-14,public_release_blocked,echs-bc-ch7-8-2015,4,,,"Retained in the canonical/admin archive; excluded from student practice pending source, answer, KaTeX, and/or mapping verification.",,verified,Keep redacted from public student practice; verify source/transcription and obtain release authorization before promotion.
